<?xml version="1.0" encoding="UTF-8"?>
<gmd:MD_Metadata xmlns:gmd="http://www.isotc211.org/2005/gmd" xmlns:dc="http://purl.org/dc/elements/1.1/" xmlns:dct="http://purl.org/dc/terms/" xmlns:gco="http://www.isotc211.org/2005/gco" xmlns:gml="http://www.opengis.net/gml" xmlns:ows="http://www.opengis.net/ows" xmlns:xs="http://www.w3.org/2001/XMLSchema" xmlns:csw="http://www.opengis.net/cat/csw/2.0.2" xmlns:geonet="http://www.fao.org/geonetwork" xmlns:xsi="http://www.w3.org/2001/XMLSchema-instance" xsi:schemaLocation="http://www.isotc211.org/2005/gmd http://www.isotc211.org/2005/gmd/gmd.xsd http://www.isotc211.org/2005/gmx http://www.isotc211.org/2005/gmx/gmx.xsd http://www.isotc211.org/2005/srv http://schemas.opengis.net/iso/19139/20060504/srv/srv.xsd">
  <gmd:fileIdentifier>
    <gco:CharacterString>f9097f6c-9548-4a40-a6e9-8972e3ac6140</gco:CharacterString>
  </gmd:fileIdentifier>
  <gmd:language>
    <gmd:LanguageCode codeList="http://www.loc.gov/standards/iso639-2/" codeListValue="por">Português</gmd:LanguageCode>
  </gmd:language>
  <gmd:characterSet>
    <gmd:MD_CharacterSetCode codeList="http://standards.iso.org/ittf/PubliclyAvailableStandards/ISO_19139_Schemas/resources/codelist/gmxCodelists.xml#MD_CharacterSetCode" codeListValue="utf8" codeSpace="ISOTC211/19115">utf8</gmd:MD_CharacterSetCode>
  </gmd:characterSet>
  <gmd:hierarchyLevel>
    <gmd:MD_ScopeCode codeList="http://standards.iso.org/ittf/PubliclyAvailableStandards/ISO_19139_Schemas/resources/codelist/gmxCodelists.xml#MD_ScopeCode" codeListValue="dataset" codeSpace="ISOTC211/19115">Conjunto de Dados Geográficos</gmd:MD_ScopeCode>
  </gmd:hierarchyLevel>
  <gmd:contact>
    <gmd:CI_ResponsibleParty>
      <gmd:individualName>
        <gco:CharacterString>Teresa Pimenta</gco:CharacterString>
      </gmd:individualName>
      <gmd:organisationName>
        <gco:CharacterString>Instituto da Conservação da Natureza e das Florestas (ICNF)</gco:CharacterString>
      </gmd:organisationName>
      <gmd:contactInfo>
        <gmd:CI_Contact>
          <gmd:phone>
            <gmd:CI_Telephone>
              <gmd:voice>
                <gco:CharacterString>(+351) 212 348 021</gco:CharacterString>
              </gmd:voice>
            </gmd:CI_Telephone>
          </gmd:phone>
          <gmd:address>
            <gmd:CI_Address>
              <gmd:deliveryPoint>
                <gco:CharacterString>Av. dos Combatentes da Grande Guerra, nº 1</gco:CharacterString>
              </gmd:deliveryPoint>
              <gmd:city>
                <gco:CharacterString>Alcochete</gco:CharacterString>
              </gmd:city>
              <gmd:postalCode>
                <gco:CharacterString>2890-015</gco:CharacterString>
              </gmd:postalCode>
              <gmd:country>
                <gco:CharacterString>Portugal</gco:CharacterString>
              </gmd:country>
              <gmd:electronicMailAddress>
                <gco:CharacterString>Teresa.pimenta@icnf.pt</gco:CharacterString>
              </gmd:electronicMailAddress>
            </gmd:CI_Address>
          </gmd:address>
        </gmd:CI_Contact>
      </gmd:contactInfo>
      <gmd:role>
        <gmd:CI_RoleCode codeList="http://standards.iso.org/ittf/PubliclyAvailableStandards/ISO_19139_Schemas/resources/codelist/gmxCodelists.xml#CI_RoleCode" codeListValue="pointOfContact" codeSpace="ISOTC211/19115">Contacto</gmd:CI_RoleCode>
      </gmd:role>
    </gmd:CI_ResponsibleParty>
  </gmd:contact>
  <gmd:contact>
    <gmd:CI_ResponsibleParty>
      <gmd:individualName>
        <gco:CharacterString>Gabinete de Sistemas e Tecnologias da Informação</gco:CharacterString>
      </gmd:individualName>
      <gmd:organisationName>
        <gco:CharacterString>Instituto da Conservação da Natureza e das Florestas (ICNF)</gco:CharacterString>
      </gmd:organisationName>
      <gmd:contactInfo>
        <gmd:CI_Contact>
          <gmd:phone>
            <gmd:CI_Telephone>
              <gmd:voice>
                <gco:CharacterString>(351) 213 507 900</gco:CharacterString>
              </gmd:voice>
            </gmd:CI_Telephone>
          </gmd:phone>
          <gmd:address>
            <gmd:CI_Address>
              <gmd:deliveryPoint>
                <gco:CharacterString>Avenida da República, nº 16</gco:CharacterString>
              </gmd:deliveryPoint>
              <gmd:city>
                <gco:CharacterString>Lisboa</gco:CharacterString>
              </gmd:city>
              <gmd:postalCode>
                <gco:CharacterString>1050-191</gco:CharacterString>
              </gmd:postalCode>
              <gmd:country>
                <gco:CharacterString>Portugal</gco:CharacterString>
              </gmd:country>
              <gmd:electronicMailAddress>
                <gco:CharacterString>gsti@icnf.pt</gco:CharacterString>
              </gmd:electronicMailAddress>
            </gmd:CI_Address>
          </gmd:address>
          <gmd:onlineResource>
            <gmd:CI_OnlineResource>
              <gmd:linkage>
                <gmd:URL>http://www.icnf.pt/portal/icnf/contact</gmd:URL>
              </gmd:linkage>
              <gmd:function>
                <gmd:CI_OnLineFunctionCode codeList="http://standards.iso.org/ittf/PubliclyAvailableStandards/ISO_19139_Schemas/resources/codelist/gmxCodelists.xml#CI_OnLineFunctionCode" codeListValue="information" codeSpace="ISOTC211/19115">Informação</gmd:CI_OnLineFunctionCode>
              </gmd:function>
            </gmd:CI_OnlineResource>
          </gmd:onlineResource>
        </gmd:CI_Contact>
      </gmd:contactInfo>
      <gmd:role>
        <gmd:CI_RoleCode codeList="http://standards.iso.org/ittf/PubliclyAvailableStandards/ISO_19139_Schemas/resources/codelist/gmxCodelists.xml#CI_RoleCode" codeListValue="author" codeSpace="ISOTC211/19115">Autor</gmd:CI_RoleCode>
      </gmd:role>
    </gmd:CI_ResponsibleParty>
  </gmd:contact>
  <gmd:dateStamp>
    <gco:Date>2017-04-28</gco:Date>
  </gmd:dateStamp>
  <gmd:metadataStandardName>
    <gco:CharacterString>Perfil SNIMar</gco:CharacterString>
  </gmd:metadataStandardName>
  <gmd:metadataStandardVersion>
    <gco:CharacterString>v.0.9.3</gco:CharacterString>
  </gmd:metadataStandardVersion>
  <gmd:locale>
    <gmd:PT_Locale id="locale-eng">
      <gmd:languageCode>
        <gmd:LanguageCode codeList="http://www.loc.gov/standards/iso639-2/" codeListValue="eng">English</gmd:LanguageCode>
      </gmd:languageCode>
      <gmd:characterEncoding>
        <gmd:MD_CharacterSetCode codeList="http://standards.iso.org/ittf/PubliclyAvailableStandards/ISO_19139_Schemas/resources/codelist/gmxCodelists.xml#MD_CharacterSetCode" codeListValue="utf8">UTF8</gmd:MD_CharacterSetCode>
      </gmd:characterEncoding>
    </gmd:PT_Locale>
  </gmd:locale>
  <gmd:referenceSystemInfo>
    <gmd:MD_ReferenceSystem>
      <gmd:referenceSystemIdentifier>
        <gmd:RS_Identifier>
          <gmd:code>
            <gco:CharacterString>http://www.opengis.net/def/crs/EPSG/0/3763</gco:CharacterString>
          </gmd:code>
          <gmd:codeSpace>
            <gco:CharacterString>EPSG</gco:CharacterString>
          </gmd:codeSpace>
        </gmd:RS_Identifier>
      </gmd:referenceSystemIdentifier>
    </gmd:MD_ReferenceSystem>
  </gmd:referenceSystemInfo>
  <gmd:identificationInfo>
    <gmd:MD_DataIdentification>
      <gmd:citation>
        <gmd:CI_Citation>
          <gmd:title xsi:type="gmd:PT_FreeText_PropertyType">
            <gco:CharacterString>II Atlas das aves nidificantes em Portugal - Larus michahellis</gco:CharacterString>
            <gmd:PT_FreeText>
              <gmd:textGroup>
                <gmd:LocalisedCharacterString locale="#locale-eng">II Atlas of breeding birds in Portugal - Larus michahellis</gmd:LocalisedCharacterString>
              </gmd:textGroup>
            </gmd:PT_FreeText>
          </gmd:title>
          <gmd:alternateTitle>
            <gco:CharacterString>Aves Nidificantes de Portugal Continental - Gaivota-de-patas-amarelas</gco:CharacterString>
          </gmd:alternateTitle>
          <gmd:date>
            <gmd:CI_Date>
              <gmd:date>
                <gco:Date>2008-01-01</gco:Date>
              </gmd:date>
              <gmd:dateType>
                <gmd:CI_DateTypeCode codeList="http://standards.iso.org/ittf/PubliclyAvailableStandards/ISO_19139_Schemas/resources/codelist/gmxCodelists.xml#CI_DateTypeCode" codeListValue="publication" codeSpace="ISOTC211/19115">Publicação</gmd:CI_DateTypeCode>
              </gmd:dateType>
            </gmd:CI_Date>
          </gmd:date>
          <gmd:identifier>
            <gmd:MD_Identifier>
              <gmd:code>
                <gco:CharacterString>II_AAN_LARMICH_SNIMAR</gco:CharacterString>
              </gmd:code>
            </gmd:MD_Identifier>
          </gmd:identifier>
        </gmd:CI_Citation>
      </gmd:citation>
      <gmd:abstract xsi:type="gmd:PT_FreeText_PropertyType">
        <gco:CharacterString>Os atlas das aves que nidificam em Portugal fornecem informação sobre a distribuição num determinado momento das espécies nidificantes em Portugal continental.. Nos casos em que é possível, caracterizam também a abundância das populações nacionais dessas espécies. No caso do presente CDG, os dados dizem respeito à espécie Gaivota-de-patas-amarelas (Larus michahellis)</gco:CharacterString>
        <gmd:PT_FreeText>
          <gmd:textGroup>
            <gmd:LocalisedCharacterString locale="#locale-eng">The atlas of breeding birds in Portugal provide information about distribution at certain moment in breeding species in mainland Portugal. In the cases where it is possible also characterize the abundance of national populations of these species. In the present CDG, the data relate only to Yellow-legged-Gull specie (Larus michahellis).</gmd:LocalisedCharacterString>
          </gmd:textGroup>
        </gmd:PT_FreeText>
      </gmd:abstract>
      <gmd:purpose>
        <gco:CharacterString>Para além da caracterização da distribuição das espécies, o atlas, enquanto projeto continuado no tempo, permite detetar eventuais mudanças na composição e riqueza específica das comunidades de aves a diferentes escalas espaciais (local, regional, continental), assegurando um meio eficaz para monitorizar alterações no meio. É também fonte de dados considerável para a realização de estudos de ecologia que permitem esclarecer tendências espaciais e criar modelos de predição.</gco:CharacterString>
      </gmd:purpose>
      <gmd:credit>
        <gco:CharacterString>SPEA- Sociedade Portuguesa para o Estudo das Aves</gco:CharacterString>
      </gmd:credit>
      <gmd:pointOfContact>
        <gmd:CI_ResponsibleParty>
          <gmd:individualName>
            <gco:CharacterString>Teresa Pimenta</gco:CharacterString>
          </gmd:individualName>
          <gmd:organisationName>
            <gco:CharacterString>Instituto da Conservação da Natureza e das Florestas (ICNF)</gco:CharacterString>
          </gmd:organisationName>
          <gmd:contactInfo>
            <gmd:CI_Contact>
              <gmd:phone>
                <gmd:CI_Telephone>
                  <gmd:voice>
                    <gco:CharacterString>(+351) 212 348 021</gco:CharacterString>
                  </gmd:voice>
                </gmd:CI_Telephone>
              </gmd:phone>
              <gmd:address>
                <gmd:CI_Address>
                  <gmd:deliveryPoint>
                    <gco:CharacterString>Av. dos Combatentes da Grande Guerra, nº 1</gco:CharacterString>
                  </gmd:deliveryPoint>
                  <gmd:city>
                    <gco:CharacterString>Alcochete</gco:CharacterString>
                  </gmd:city>
                  <gmd:postalCode>
                    <gco:CharacterString>2890-015</gco:CharacterString>
                  </gmd:postalCode>
                  <gmd:country>
                    <gco:CharacterString>Portugal</gco:CharacterString>
                  </gmd:country>
                  <gmd:electronicMailAddress>
                    <gco:CharacterString>Teresa.pimenta@icnf.pt</gco:CharacterString>
                  </gmd:electronicMailAddress>
                </gmd:CI_Address>
              </gmd:address>
            </gmd:CI_Contact>
          </gmd:contactInfo>
          <gmd:role>
            <gmd:CI_RoleCode codeList="http://standards.iso.org/ittf/PubliclyAvailableStandards/ISO_19139_Schemas/resources/codelist/gmxCodelists.xml#CI_RoleCode" codeListValue="pointOfContact" codeSpace="ISOTC211/19115">Contacto</gmd:CI_RoleCode>
          </gmd:role>
        </gmd:CI_ResponsibleParty>
      </gmd:pointOfContact>
      <gmd:pointOfContact>
        <gmd:CI_ResponsibleParty>
          <gmd:individualName>
            <gco:CharacterString>Divisão de Conservação da Biodiversidade (DCB)</gco:CharacterString>
          </gmd:individualName>
          <gmd:organisationName>
            <gco:CharacterString>Instituto da Conservação da Natureza e das Florestas (ICNF)</gco:CharacterString>
          </gmd:organisationName>
          <gmd:contactInfo>
            <gmd:CI_Contact>
              <gmd:phone>
                <gmd:CI_Telephone>
                  <gmd:voice>
                    <gco:CharacterString>(351) 213 507 900</gco:CharacterString>
                  </gmd:voice>
                </gmd:CI_Telephone>
              </gmd:phone>
              <gmd:address>
                <gmd:CI_Address>
                  <gmd:deliveryPoint>
                    <gco:CharacterString>Avenida da Republica, nº 16</gco:CharacterString>
                  </gmd:deliveryPoint>
                  <gmd:city>
                    <gco:CharacterString>Lisboa</gco:CharacterString>
                  </gmd:city>
                  <gmd:postalCode>
                    <gco:CharacterString>1050-191</gco:CharacterString>
                  </gmd:postalCode>
                  <gmd:country>
                    <gco:CharacterString>Portugal</gco:CharacterString>
                  </gmd:country>
                  <gmd:electronicMailAddress>
                    <gco:CharacterString>dcb@icnf.pt</gco:CharacterString>
                  </gmd:electronicMailAddress>
                </gmd:CI_Address>
              </gmd:address>
              <gmd:onlineResource>
                <gmd:CI_OnlineResource>
                  <gmd:linkage>
                    <gmd:URL>http://www.icnf.pt/portal/icnf/contact</gmd:URL>
                  </gmd:linkage>
                  <gmd:function>
                    <gmd:CI_OnLineFunctionCode codeList="http://standards.iso.org/ittf/PubliclyAvailableStandards/ISO_19139_Schemas/resources/codelist/gmxCodelists.xml#CI_OnLineFunctionCode" codeListValue="information" codeSpace="ISOTC211/19115">Informação</gmd:CI_OnLineFunctionCode>
                  </gmd:function>
                </gmd:CI_OnlineResource>
              </gmd:onlineResource>
            </gmd:CI_Contact>
          </gmd:contactInfo>
          <gmd:role>
            <gmd:CI_RoleCode codeList="http://standards.iso.org/ittf/PubliclyAvailableStandards/ISO_19139_Schemas/resources/codelist/gmxCodelists.xml#CI_RoleCode" codeListValue="owner" codeSpace="ISOTC211/19115">Detentor</gmd:CI_RoleCode>
          </gmd:role>
        </gmd:CI_ResponsibleParty>
      </gmd:pointOfContact>
      <gmd:pointOfContact>
        <gmd:CI_ResponsibleParty>
          <gmd:individualName>
            <gco:CharacterString>Julia Almeida</gco:CharacterString>
          </gmd:individualName>
          <gmd:organisationName>
            <gco:CharacterString>Instituto da Conservação da Natureza e das Florestas (ICNF)</gco:CharacterString>
          </gmd:organisationName>
          <gmd:contactInfo>
            <gmd:CI_Contact>
              <gmd:phone>
                <gmd:CI_Telephone>
                  <gmd:voice>
                    <gco:CharacterString>(351) 213 507 900</gco:CharacterString>
                  </gmd:voice>
                </gmd:CI_Telephone>
              </gmd:phone>
              <gmd:address>
                <gmd:CI_Address>
                  <gmd:deliveryPoint>
                    <gco:CharacterString>Avenida da Republica, nº 16</gco:CharacterString>
                  </gmd:deliveryPoint>
                  <gmd:city>
                    <gco:CharacterString>Lisboa</gco:CharacterString>
                  </gmd:city>
                  <gmd:postalCode>
                    <gco:CharacterString>1050-191</gco:CharacterString>
                  </gmd:postalCode>
                  <gmd:country>
                    <gco:CharacterString>Portugal</gco:CharacterString>
                  </gmd:country>
                  <gmd:electronicMailAddress>
                    <gco:CharacterString>julia.almeida@icnf.pt</gco:CharacterString>
                  </gmd:electronicMailAddress>
                </gmd:CI_Address>
              </gmd:address>
              <gmd:onlineResource>
                <gmd:CI_OnlineResource>
                  <gmd:linkage>
                    <gmd:URL>http://www.icnf.pt/portal/icnf/contact</gmd:URL>
                  </gmd:linkage>
                  <gmd:function>
                    <gmd:CI_OnLineFunctionCode codeList="http://standards.iso.org/ittf/PubliclyAvailableStandards/ISO_19139_Schemas/resources/codelist/gmxCodelists.xml#CI_OnLineFunctionCode" codeListValue="information" codeSpace="ISOTC211/19115">Informação</gmd:CI_OnLineFunctionCode>
                  </gmd:function>
                </gmd:CI_OnlineResource>
              </gmd:onlineResource>
            </gmd:CI_Contact>
          </gmd:contactInfo>
          <gmd:role>
            <gmd:CI_RoleCode codeList="http://standards.iso.org/ittf/PubliclyAvailableStandards/ISO_19139_Schemas/resources/codelist/gmxCodelists.xml#CI_RoleCode" codeListValue="processor" codeSpace="ISOTC211/19115">Contacto do Processo</gmd:CI_RoleCode>
          </gmd:role>
        </gmd:CI_ResponsibleParty>
      </gmd:pointOfContact>
      <gmd:resourceMaintenance>
        <gmd:MD_MaintenanceInformation>
          <gmd:maintenanceAndUpdateFrequency>
            <gmd:MD_MaintenanceFrequencyCode codeList="http://standards.iso.org/ittf/PubliclyAvailableStandards/ISO_19139_Schemas/resources/codelist/gmxCodelists.xml#MD_MaintenanceFrequencyCode" codeListValue="unknown" codeSpace="ISOTC211/19115">Desconhecida</gmd:MD_MaintenanceFrequencyCode>
          </gmd:maintenanceAndUpdateFrequency>
        </gmd:MD_MaintenanceInformation>
      </gmd:resourceMaintenance>
      <gmd:graphicOverview>
        <gmd:MD_BrowseGraphic>
          <gmd:fileName>
            <gco:CharacterString>http://geoportal.snimar.pt/icnf/uploaded/thumbs/5f4c8213-12e6-48e8-abef-88b225e419f9.png</gco:CharacterString>
          </gmd:fileName>
        </gmd:MD_BrowseGraphic>
      </gmd:graphicOverview>
      <gmd:descriptiveKeywords>
        <gmd:MD_Keywords>
          <gmd:keyword>
            <gco:CharacterString>Distribuição das espécies</gco:CharacterString>
          </gmd:keyword>
          <gmd:type>
            <gmd:MD_KeywordTypeCode codeList="http://standards.iso.org/ittf/PubliclyAvailableStandards/ISO_19139_Schemas/resources/codelist/gmxCodelists.xml#MD_KeywordTypeCode" codeListValue="theme" codeSpace="ISOTC211/19115">Tema</gmd:MD_KeywordTypeCode>
          </gmd:type>
          <gmd:thesaurusName>
            <gmd:CI_Citation>
              <gmd:title>
                <gco:CharacterString>GEMET - INSPIRE themes, version 1.0</gco:CharacterString>
              </gmd:title>
              <gmd:date>
                <gmd:CI_Date>
                  <gmd:date>
                    <gco:Date>2008-06-01</gco:Date>
                  </gmd:date>
                  <gmd:dateType>
                    <gmd:CI_DateTypeCode codeList="http://standards.iso.org/ittf/PubliclyAvailableStandards/ISO_19139_Schemas/resources/codelist/gmxCodelists.xml#CI_DateTypeCode" codeListValue="creation" codeSpace="ISOTC211/19115">Criação</gmd:CI_DateTypeCode>
                  </gmd:dateType>
                </gmd:CI_Date>
              </gmd:date>
            </gmd:CI_Citation>
          </gmd:thesaurusName>
        </gmd:MD_Keywords>
      </gmd:descriptiveKeywords>
      <gmd:descriptiveKeywords>
        <gmd:MD_Keywords uuid="8f9182ba-fd67-11e5-acc4-00163e216a4b">
          <gmd:keyword>
            <gco:CharacterString>Ave nidificante</gco:CharacterString>
          </gmd:keyword>
          <gmd:type>
            <gmd:MD_KeywordTypeCode codeList="http://snimar.pt/codelists#MD_KeywordTypeCode" codeListValue="parameter" codeSpace="ISOTC211/19115">Parâmetro</gmd:MD_KeywordTypeCode>
          </gmd:type>
          <gmd:thesaurusName>
            <gmd:CI_Citation>
              <gmd:title>
                <gco:CharacterString>Thesaurus SNIMar v.1.0</gco:CharacterString>
              </gmd:title>
              <gmd:date>
                <gmd:CI_Date>
                  <gmd:date>
                    <gco:Date>2016-10-26</gco:Date>
                  </gmd:date>
                  <gmd:dateType>
                    <gmd:CI_DateTypeCode codeList="http://standards.iso.org/ittf/PubliclyAvailableStandards/ISO_19139_Schemas/resources/codelist/gmxCodelists.xml#CI_DateTypeCode" codeListValue="creation" codeSpace="ISOTC211/19115">Criação</gmd:CI_DateTypeCode>
                  </gmd:dateType>
                </gmd:CI_Date>
              </gmd:date>
            </gmd:CI_Citation>
          </gmd:thesaurusName>
        </gmd:MD_Keywords>
      </gmd:descriptiveKeywords>
      <gmd:descriptiveKeywords>
        <gmd:MD_Keywords uuid="1fa5d8fe-344d-11e5-add7-a0d3c14ce773">
          <gmd:keyword>
            <gco:CharacterString>Biodiversidade e Conservação Marinha</gco:CharacterString>
          </gmd:keyword>
          <gmd:type>
            <gmd:MD_KeywordTypeCode codeList="http://snimar.pt/codelists#MD_KeywordTypeCode" codeListValue="discipline" codeSpace="ISOTC211/19115">Disciplina</gmd:MD_KeywordTypeCode>
          </gmd:type>
          <gmd:thesaurusName>
            <gmd:CI_Citation>
              <gmd:title>
                <gco:CharacterString>Thesaurus SNIMar v.1.0</gco:CharacterString>
              </gmd:title>
              <gmd:date>
                <gmd:CI_Date>
                  <gmd:date>
                    <gco:Date>2016-10-26</gco:Date>
                  </gmd:date>
                  <gmd:dateType>
                    <gmd:CI_DateTypeCode codeList="http://standards.iso.org/ittf/PubliclyAvailableStandards/ISO_19139_Schemas/resources/codelist/gmxCodelists.xml#CI_DateTypeCode" codeListValue="creation" codeSpace="ISOTC211/19115">Criação</gmd:CI_DateTypeCode>
                  </gmd:dateType>
                </gmd:CI_Date>
              </gmd:date>
            </gmd:CI_Citation>
          </gmd:thesaurusName>
        </gmd:MD_Keywords>
      </gmd:descriptiveKeywords>
      <gmd:descriptiveKeywords>
        <gmd:MD_Keywords uuid="dd090572-347c-11e5-88b8-00163e216a4b">
          <gmd:keyword>
            <gco:CharacterString>Larus michahellis atlantis</gco:CharacterString>
          </gmd:keyword>
          <gmd:type>
            <gmd:MD_KeywordTypeCode codeList="http://snimar.pt/codelists#MD_KeywordTypeCode" codeListValue="taxon" codeSpace="ISOTC211/19115">Taxonomia</gmd:MD_KeywordTypeCode>
          </gmd:type>
          <gmd:thesaurusName>
            <gmd:CI_Citation>
              <gmd:title>
                <gco:CharacterString>Thesaurus SNIMar v.1.0</gco:CharacterString>
              </gmd:title>
              <gmd:date>
                <gmd:CI_Date>
                  <gmd:date>
                    <gco:Date>2016-10-26</gco:Date>
                  </gmd:date>
                  <gmd:dateType>
                    <gmd:CI_DateTypeCode codeList="http://standards.iso.org/ittf/PubliclyAvailableStandards/ISO_19139_Schemas/resources/codelist/gmxCodelists.xml#CI_DateTypeCode" codeListValue="creation" codeSpace="ISOTC211/19115">Criação</gmd:CI_DateTypeCode>
                  </gmd:dateType>
                </gmd:CI_Date>
              </gmd:date>
            </gmd:CI_Citation>
          </gmd:thesaurusName>
        </gmd:MD_Keywords>
      </gmd:descriptiveKeywords>
      <gmd:descriptiveKeywords>
        <gmd:MD_Keywords uuid="4389c22e-741e-11e5-ab92-00163e216a4b">
          <gmd:keyword>
            <gco:CharacterString>Espécie</gco:CharacterString>
          </gmd:keyword>
          <gmd:type>
            <gmd:MD_KeywordTypeCode codeList="http://snimar.pt/codelists#MD_KeywordTypeCode" codeListValue="parameter" codeSpace="ISOTC211/19115">Parâmetro</gmd:MD_KeywordTypeCode>
          </gmd:type>
          <gmd:thesaurusName>
            <gmd:CI_Citation>
              <gmd:title>
                <gco:CharacterString>Thesaurus SNIMar v.1.0</gco:CharacterString>
              </gmd:title>
              <gmd:date>
                <gmd:CI_Date>
                  <gmd:date>
                    <gco:Date>2016-10-26</gco:Date>
                  </gmd:date>
                  <gmd:dateType>
                    <gmd:CI_DateTypeCode codeList="http://standards.iso.org/ittf/PubliclyAvailableStandards/ISO_19139_Schemas/resources/codelist/gmxCodelists.xml#CI_DateTypeCode" codeListValue="creation" codeSpace="ISOTC211/19115">Criação</gmd:CI_DateTypeCode>
                  </gmd:dateType>
                </gmd:CI_Date>
              </gmd:date>
            </gmd:CI_Citation>
          </gmd:thesaurusName>
        </gmd:MD_Keywords>
      </gmd:descriptiveKeywords>
      <gmd:descriptiveKeywords>
        <gmd:MD_Keywords uuid="aca96774-347b-11e5-95a8-00163e216a4b">
          <gmd:keyword>
            <gco:CharacterString>Ave marinha</gco:CharacterString>
          </gmd:keyword>
          <gmd:type>
            <gmd:MD_KeywordTypeCode codeList="http://snimar.pt/codelists#MD_KeywordTypeCode" codeListValue="parameter" codeSpace="ISOTC211/19115">Parâmetro</gmd:MD_KeywordTypeCode>
          </gmd:type>
          <gmd:thesaurusName>
            <gmd:CI_Citation>
              <gmd:title>
                <gco:CharacterString>Thesaurus SNIMar v.1.0</gco:CharacterString>
              </gmd:title>
              <gmd:date>
                <gmd:CI_Date>
                  <gmd:date>
                    <gco:Date>2016-10-26</gco:Date>
                  </gmd:date>
                  <gmd:dateType>
                    <gmd:CI_DateTypeCode codeList="http://standards.iso.org/ittf/PubliclyAvailableStandards/ISO_19139_Schemas/resources/codelist/gmxCodelists.xml#CI_DateTypeCode" codeListValue="creation" codeSpace="ISOTC211/19115">Criação</gmd:CI_DateTypeCode>
                  </gmd:dateType>
                </gmd:CI_Date>
              </gmd:date>
            </gmd:CI_Citation>
          </gmd:thesaurusName>
        </gmd:MD_Keywords>
      </gmd:descriptiveKeywords>
      <gmd:descriptiveKeywords>
        <gmd:MD_Keywords>
          <gmd:keyword>
            <gco:CharacterString>Instituto da Conservação da Natureza e das Florestas, I.P.</gco:CharacterString>
          </gmd:keyword>
          <gmd:keyword>
            <gco:CharacterString>ICNF, I.P.</gco:CharacterString>
          </gmd:keyword>
        </gmd:MD_Keywords>
      </gmd:descriptiveKeywords>
      <gmd:resourceConstraints>
        <gmd:MD_LegalConstraints>
          <gmd:useLimitation>
            <gco:CharacterString>O utilizador deve referir, sempre, a fonte de informação (ICNF).</gco:CharacterString>
          </gmd:useLimitation>
          <gmd:useLimitation>
            <gco:CharacterString>O utilizador pode utilizar os dados para uso pessoal ou público desde que dessa utilização não decorram finalidades lucrativas ou ofensivas.</gco:CharacterString>
          </gmd:useLimitation>
          <gmd:accessConstraints>
            <gmd:MD_RestrictionCode codeList="http://standards.iso.org/ittf/PubliclyAvailableStandards/ISO_19139_Schemas/resources/codelist/gmxCodelists.xml#MD_RestrictionCode" codeListValue="copyright" codeSpace="ISOTC211/19115">Direitos de Autor</gmd:MD_RestrictionCode>
          </gmd:accessConstraints>
          <gmd:useConstraints>
            <gmd:MD_RestrictionCode codeList="http://standards.iso.org/ittf/PubliclyAvailableStandards/ISO_19139_Schemas/resources/codelist/gmxCodelists.xml#MD_RestrictionCode" codeListValue="copyright" codeSpace="ISOTC211/19115">Direitos de Autor</gmd:MD_RestrictionCode>
          </gmd:useConstraints>
          <gmd:otherConstraints>
            <gco:CharacterString>Sem restrições</gco:CharacterString>
          </gmd:otherConstraints>
        </gmd:MD_LegalConstraints>
      </gmd:resourceConstraints>
      <gmd:spatialRepresentationType>
        <gmd:MD_SpatialRepresentationTypeCode codeList="http://standards.iso.org/ittf/PubliclyAvailableStandards/ISO_19139_Schemas/resources/codelist/gmxCodelists.xml#MD_SpatialRepresentationTypeCode" codeListValue="vector" codeSpace="ISOTC211/19115">Vetorial</gmd:MD_SpatialRepresentationTypeCode>
      </gmd:spatialRepresentationType>
      <gmd:spatialResolution>
        <gmd:MD_Resolution>
          <gmd:equivalentScale>
            <gmd:MD_RepresentativeFraction>
              <gmd:denominator>
                <gco:Integer>-1</gco:Integer>
              </gmd:denominator>
            </gmd:MD_RepresentativeFraction>
          </gmd:equivalentScale>
        </gmd:MD_Resolution>
      </gmd:spatialResolution>
      <gmd:language>
        <gmd:LanguageCode codeList="http://www.loc.gov/standards/iso639-2/" codeListValue="por">Português</gmd:LanguageCode>
      </gmd:language>
      <gmd:characterSet>
        <gmd:MD_CharacterSetCode codeList="http://standards.iso.org/ittf/PubliclyAvailableStandards/ISO_19139_Schemas/resources/codelist/gmxCodelists.xml#MD_CharacterSetCode" codeListValue="utf8" codeSpace="ISOTC211/19115">utf8</gmd:MD_CharacterSetCode>
      </gmd:characterSet>
      <gmd:topicCategory>
        <gmd:MD_TopicCategoryCode>biota</gmd:MD_TopicCategoryCode>
      </gmd:topicCategory>
      <gmd:topicCategory>
        <gmd:MD_TopicCategoryCode>oceans</gmd:MD_TopicCategoryCode>
      </gmd:topicCategory>
      <gmd:extent>
        <gmd:EX_Extent>
          <gmd:geographicElement>
            <gmd:EX_GeographicBoundingBox>
              <gmd:extentTypeCode>
                <gco:Boolean>true</gco:Boolean>
              </gmd:extentTypeCode>
              <gmd:westBoundLongitude>
                <gco:Decimal>-9.65309</gco:Decimal>
              </gmd:westBoundLongitude>
              <gmd:eastBoundLongitude>
                <gco:Decimal>-7.242</gco:Decimal>
              </gmd:eastBoundLongitude>
              <gmd:southBoundLatitude>
                <gco:Decimal>36.93973</gco:Decimal>
              </gmd:southBoundLatitude>
              <gmd:northBoundLatitude>
                <gco:Decimal>42.17778</gco:Decimal>
              </gmd:northBoundLatitude>
            </gmd:EX_GeographicBoundingBox>
          </gmd:geographicElement>
          <gmd:geographicElement>
            <gmd:EX_GeographicDescription>
              <gmd:geographicIdentifier>
                <gmd:MD_Identifier>
                  <gmd:code>
                    <gco:CharacterString>PT_Portugal_Continental</gco:CharacterString>
                  </gmd:code>
                </gmd:MD_Identifier>
              </gmd:geographicIdentifier>
            </gmd:EX_GeographicDescription>
          </gmd:geographicElement>
        </gmd:EX_Extent>
      </gmd:extent>
    </gmd:MD_DataIdentification>
  </gmd:identificationInfo>
  <gmd:distributionInfo>
    <gmd:MD_Distribution>
      <gmd:distributionFormat>
        <gmd:MD_Format>
          <gmd:name>
            <gco:CharacterString>Postgis layers</gco:CharacterString>
          </gmd:name>
          <gmd:version>
            <gco:CharacterString>Não se aplica</gco:CharacterString>
          </gmd:version>
        </gmd:MD_Format>
      </gmd:distributionFormat>
      <gmd:distributionFormat>
        <gmd:MD_Format>
          <gmd:name>
            <gco:CharacterString>Keyhole Markup Language - KML</gco:CharacterString>
          </gmd:name>
          <gmd:version>
            <gco:CharacterString>Não se aplica</gco:CharacterString>
          </gmd:version>
        </gmd:MD_Format>
      </gmd:distributionFormat>
      <gmd:distributionFormat>
        <gmd:MD_Format>
          <gmd:name>
            <gco:CharacterString>Esri Shapefile</gco:CharacterString>
          </gmd:name>
          <gmd:version>
            <gco:CharacterString>Não se aplica</gco:CharacterString>
          </gmd:version>
        </gmd:MD_Format>
      </gmd:distributionFormat>
      <gmd:distributor>
        <gmd:MD_Distributor>
          <gmd:distributorContact>
            <gmd:CI_ResponsibleParty>
              <gmd:individualName>
                <gco:CharacterString>Gabinete de Sistemas e Tecnologias da Informação</gco:CharacterString>
              </gmd:individualName>
              <gmd:organisationName>
                <gco:CharacterString>Instituto da Conservação da Natureza e das Florestas (ICNF)</gco:CharacterString>
              </gmd:organisationName>
              <gmd:contactInfo>
                <gmd:CI_Contact>
                  <gmd:phone>
                    <gmd:CI_Telephone>
                      <gmd:voice>
                        <gco:CharacterString>(351) 213 507 900</gco:CharacterString>
                      </gmd:voice>
                    </gmd:CI_Telephone>
                  </gmd:phone>
                  <gmd:address>
                    <gmd:CI_Address>
                      <gmd:deliveryPoint>
                        <gco:CharacterString>Avenida da República, nº 16</gco:CharacterString>
                      </gmd:deliveryPoint>
                      <gmd:city>
                        <gco:CharacterString>Lisboa</gco:CharacterString>
                      </gmd:city>
                      <gmd:postalCode>
                        <gco:CharacterString>1050-191</gco:CharacterString>
                      </gmd:postalCode>
                      <gmd:country>
                        <gco:CharacterString>Portugal</gco:CharacterString>
                      </gmd:country>
                      <gmd:electronicMailAddress>
                        <gco:CharacterString>gsti@icnf.pt</gco:CharacterString>
                      </gmd:electronicMailAddress>
                    </gmd:CI_Address>
                  </gmd:address>
                  <gmd:onlineResource>
                    <gmd:CI_OnlineResource>
                      <gmd:linkage>
                        <gmd:URL>http://www.icnf.pt/portal/icnf/contact</gmd:URL>
                      </gmd:linkage>
                      <gmd:function>
                        <gmd:CI_OnLineFunctionCode codeList="http://standards.iso.org/ittf/PubliclyAvailableStandards/ISO_19139_Schemas/resources/codelist/gmxCodelists.xml#CI_OnLineFunctionCode" codeListValue="information" codeSpace="ISOTC211/19115">Informação</gmd:CI_OnLineFunctionCode>
                      </gmd:function>
                    </gmd:CI_OnlineResource>
                  </gmd:onlineResource>
                </gmd:CI_Contact>
              </gmd:contactInfo>
              <gmd:role>
                <gmd:CI_RoleCode codeList="http://standards.iso.org/ittf/PubliclyAvailableStandards/ISO_19139_Schemas/resources/codelist/gmxCodelists.xml#CI_RoleCode" codeListValue="distributor" codeSpace="ISOTC211/19115">Distribuidor</gmd:CI_RoleCode>
              </gmd:role>
            </gmd:CI_ResponsibleParty>
          </gmd:distributorContact>
        </gmd:MD_Distributor>
      </gmd:distributor>
      <gmd:transferOptions>
        <gmd:MD_DigitalTransferOptions>
          <gmd:onLine>
            <gmd:CI_OnlineResource>
              <gmd:linkage>
                <gmd:URL>http://si.icnf.pt/geoserver/snimar_IIAAN/ows?service=WFS&amp;version=1.0.0&amp;request=GetFeature&amp;typeName=snimar_IIAAN%3Aii_aan_larmich&amp;outputformat=SHAPE-ZIP</gmd:URL>
              </gmd:linkage>
              <gmd:function>
                <gmd:CI_OnLineFunctionCode codeList="http://standards.iso.org/ittf/PubliclyAvailableStandards/ISO_19139_Schemas/resources/codelist/gmxCodelists.xml#CI_OnLineFunctionCode" codeListValue="download" codeSpace="ISOTC211/19115">Descarregamento</gmd:CI_OnLineFunctionCode>
              </gmd:function>
            </gmd:CI_OnlineResource>
          </gmd:onLine>
          <gmd:onLine>
            <gmd:CI_OnlineResource>
              <gmd:linkage>
                <gmd:URL>http://www.icnf.pt/portal/naturaclas/patrinatur/especies/aves/atlas-aves-nid-pt</gmd:URL>
              </gmd:linkage>
              <gmd:function>
                <gmd:CI_OnLineFunctionCode codeList="http://standards.iso.org/ittf/PubliclyAvailableStandards/ISO_19139_Schemas/resources/codelist/gmxCodelists.xml#CI_OnLineFunctionCode" codeListValue="information" codeSpace="ISOTC211/19115">Informação</gmd:CI_OnLineFunctionCode>
              </gmd:function>
            </gmd:CI_OnlineResource>
          </gmd:onLine>
          <gmd:onLine>
            <gmd:CI_OnlineResource>
              <gmd:linkage>
                <gmd:URL>http://si.icnf.pt/geoserver/snimar_IIAAN/ii_aan_larmich/wfs</gmd:URL>
              </gmd:linkage>
              <gmd:function>
                <gmd:CI_OnLineFunctionCode codeList="http://standards.iso.org/ittf/PubliclyAvailableStandards/ISO_19139_Schemas/resources/codelist/gmxCodelists.xml#CI_OnLineFunctionCode" codeListValue="download" codeSpace="ISOTC211/19115">Descarregamento</gmd:CI_OnLineFunctionCode>
              </gmd:function>
            </gmd:CI_OnlineResource>
          </gmd:onLine>
          <gmd:onLine>
            <gmd:CI_OnlineResource>
              <gmd:linkage>
                <gmd:URL>http://si.icnf.pt/geoserver/snimar_IIAAN/ii_aan_larmich/wms</gmd:URL>
              </gmd:linkage>
              <gmd:function>
                <gmd:CI_OnLineFunctionCode codeList="http://standards.iso.org/ittf/PubliclyAvailableStandards/ISO_19139_Schemas/resources/codelist/gmxCodelists.xml#CI_OnLineFunctionCode" codeListValue="download" codeSpace="ISOTC211/19115">Descarregamento</gmd:CI_OnLineFunctionCode>
              </gmd:function>
            </gmd:CI_OnlineResource>
          </gmd:onLine>
          <gmd:onLine>
            <gmd:CI_OnlineResource>
              <gmd:linkage>
                <gmd:URL>http://si.icnf.pt/geoserver/snimar_IIAAN/ows?service=WFS&amp;version=1.0.0&amp;request=GetFeature&amp;typeName=snimar_IIAAN%3Aii_aan_larmich&amp;outputformat=kml</gmd:URL>
              </gmd:linkage>
              <gmd:function>
                <gmd:CI_OnLineFunctionCode codeList="http://standards.iso.org/ittf/PubliclyAvailableStandards/ISO_19139_Schemas/resources/codelist/gmxCodelists.xml#CI_OnLineFunctionCode" codeListValue="download" codeSpace="ISOTC211/19115">Descarregamento</gmd:CI_OnLineFunctionCode>
              </gmd:function>
            </gmd:CI_OnlineResource>
          </gmd:onLine>
        </gmd:MD_DigitalTransferOptions>
      </gmd:transferOptions>
    </gmd:MD_Distribution>
  </gmd:distributionInfo>
  <gmd:dataQualityInfo>
    <gmd:DQ_DataQuality>
      <gmd:scope>
        <gmd:DQ_Scope>
          <gmd:level>
            <gmd:MD_ScopeCode codeList="http://standards.iso.org/ittf/PubliclyAvailableStandards/ISO_19139_Schemas/resources/codelist/gmxCodelists.xml#MD_ScopeCode" codeListValue="dataset" codeSpace="ISOTC211/19115">Conjunto de Dados Geográficos</gmd:MD_ScopeCode>
          </gmd:level>
          <gmd:extent gco:nilReason="Same extent of the described resource" />
          <gmd:levelDescription>
            <gmd:MD_ScopeDescription>
              <gmd:dataset>
                <gco:CharacterString>II_AAN_LARMICH_SNIMAR</gco:CharacterString>
              </gmd:dataset>
            </gmd:MD_ScopeDescription>
          </gmd:levelDescription>
        </gmd:DQ_Scope>
      </gmd:scope>
      <gmd:report>
        <gmd:DQ_DomainConsistency>
          <gmd:result>
            <gmd:DQ_ConformanceResult>
              <gmd:specification>
                <gmd:CI_Citation>
                  <gmd:title>
                    <gco:CharacterString>REGULAMENTO (UE) N. o 1089/2010 DA COMISSÃO de 23 de Novembro de 2010 que estabelece as disposições de execução da Directiva 2007/2/CE do Parlamento Europeu e do Conselho relativamente à interoperabilidade dos conjuntos e serviços de dados geográficos</gco:CharacterString>
                  </gmd:title>
                  <gmd:date>
                    <gmd:CI_Date>
                      <gmd:date>
                        <gco:Date>2010-12-08</gco:Date>
                      </gmd:date>
                      <gmd:dateType>
                        <gmd:CI_DateTypeCode codeList="http://standards.iso.org/ittf/PubliclyAvailableStandards/ISO_19139_Schemas/resources/codelist/gmxCodelists.xml#CI_DateTypeCode" codeListValue="publication" codeSpace="ISOTC211/19115">Publicação</gmd:CI_DateTypeCode>
                      </gmd:dateType>
                    </gmd:CI_Date>
                  </gmd:date>
                </gmd:CI_Citation>
              </gmd:specification>
              <gmd:explanation>
                <gco:CharacterString>Ver a especificação citada.</gco:CharacterString>
              </gmd:explanation>
              <gmd:pass>
                <gco:Boolean>false</gco:Boolean>
              </gmd:pass>
            </gmd:DQ_ConformanceResult>
          </gmd:result>
        </gmd:DQ_DomainConsistency>
      </gmd:report>
      <gmd:lineage>
        <gmd:LI_Lineage>
          <gmd:statement>
            <gco:CharacterString>Este Atlas, que começou a ser planeado em 1997 pelo Instituto da Conservação da Natureza e da Biodiversidade (ICNB), evoluiu para uma parceria fundamental com três outras entidades: a Sociedade Portuguesa para o Estudo das Aves (SPEA), associação não governamental que trabalha para a conservação das aves e dos seus habitats em Portugal, e que reúne inúmeros associados interessados por este grupo faunístico; o Parque Natural da Madeira (PNM) e a Secretaria Regional do Ambiente e do Mar (SRAM), entidades com competência em matéria de conservação das aves selvagens respectivamente nas regiões autónomas da Madeira e dos Açores. As características deste atlas são a caracterização espacial da abundância de grande número de espécies; e o uso de uma rede cartográfica com maior nível de detalhe (10x10 km).Em 2000, o ICNB, enquanto líder do processo assegurou o financiamento do atlas até à sua conclusão através do Programa Operacional do Ambiente/FEDER.</gco:CharacterString>
          </gmd:statement>
          <gmd:source>
            <gmd:LI_Source>
              <gmd:description>
                <gco:CharacterString>Equipa Atlas (2008). Atlas das Aves Nidificantes em Portugal (1999-2005). Instituto da Conservação da Natureza e da Biodiversidade, Sociedade Portuguesa para o Estudo das Aves, Parque Natural da Madeira e Scretaria Regional do Ambiente e do Mar. Assírio e Alvim, Lisboa.</gco:CharacterString>
              </gmd:description>
            </gmd:LI_Source>
          </gmd:source>
        </gmd:LI_Lineage>
      </gmd:lineage>
    </gmd:DQ_DataQuality>
  </gmd:dataQualityInfo>
</gmd:MD_Metadata>