<?xml version="1.0" encoding="UTF-8"?>
<gmd:MD_Metadata xmlns:gmd="http://www.isotc211.org/2005/gmd" xmlns:xsi="http://www.w3.org/2001/XMLSchema-instance" xmlns:geonet="http://www.fao.org/geonetwork" xsi:schemaLocation="http://www.isotc211.org/2005/gmd http://schemas.opengis.net/iso/19139/20060504/gmd/gmd.xsd http://www.isotc211.org/2005/srv http://schemas.opengis.net/iso/19139/20060504/srv/srv.xsd">
  <gmd:fileIdentifier>
    <gco:CharacterString xmlns:gco="http://www.isotc211.org/2005/gco">380aa01e-dce7-11e3-9f07-901b0e19e163</gco:CharacterString>
  </gmd:fileIdentifier>
  <gmd:language>
    <gmd:LanguageCode codeList="http://www.loc.gov/standards/iso639-2/" codeListValue="eng" />
  </gmd:language>
  <gmd:characterSet>
    <gmd:MD_CharacterSetCode codeListValue="utf8" codeList="http://standards.iso.org/ittf/PubliclyAvailableStandards/ISO_19139_Schemas/resources/codelist/ML_gmxCodelists.xml#MD_CharacterSetCode" />
  </gmd:characterSet>
  <gmd:hierarchyLevel>
    <gmd:MD_ScopeCode codeList="http://standards.iso.org/ittf/PubliclyAvailableStandards/ISO_19139_Schemas/resources/codelist/ML_gmxCodelists.xml#MD_ScopeCode" codeListValue="dataset" />
  </gmd:hierarchyLevel>
  <gmd:contact>
    <gmd:CI_ResponsibleParty>
      <gmd:individualName xmlns:gco="http://www.isotc211.org/2005/gco" gco:nilReason="missing" xsi:type="gmd:PT_FreeText_PropertyType">
        <gco:CharacterString>KNMI Data Centre</gco:CharacterString>
        <gmd:PT_FreeText>
          <gmd:textGroup>
            <gmd:LocalisedCharacterString locale="#EN">KNMI Data Centre</gmd:LocalisedCharacterString>
          </gmd:textGroup>
          <gmd:textGroup>
            <gmd:LocalisedCharacterString locale="#NL">KNMI Datacentrum</gmd:LocalisedCharacterString>
          </gmd:textGroup>
        </gmd:PT_FreeText>
      </gmd:individualName>
      <gmd:organisationName xmlns:gco="http://www.isotc211.org/2005/gco" gco:nilReason="missing" xsi:type="gmd:PT_FreeText_PropertyType">
        <gco:CharacterString>Royal Netherlands Meteorological Institute (KNMI)</gco:CharacterString>
        <gmd:PT_FreeText>
          <gmd:textGroup>
            <gmd:LocalisedCharacterString locale="#EN">Royal Netherlands Meteorological Institute (KNMI)</gmd:LocalisedCharacterString>
          </gmd:textGroup>
          <gmd:textGroup>
            <gmd:LocalisedCharacterString locale="#NL">Koninklijk Nederlands Meteorologisch Instituut (KNMI)</gmd:LocalisedCharacterString>
          </gmd:textGroup>
        </gmd:PT_FreeText>
      </gmd:organisationName>
      <gmd:contactInfo>
        <gmd:CI_Contact>
          <gmd:phone>
            <gmd:CI_Telephone>
              <gmd:voice>
                <gco:CharacterString xmlns:gco="http://www.isotc211.org/2005/gco">+31 (0)30 220 69 11</gco:CharacterString>
              </gmd:voice>
            </gmd:CI_Telephone>
          </gmd:phone>
          <gmd:address>
            <gmd:CI_Address>
              <gmd:deliveryPoint xmlns:gco="http://www.isotc211.org/2005/gco" gco:nilReason="missing" xsi:type="gmd:PT_FreeText_PropertyType">
                <gco:CharacterString>Postbus 201</gco:CharacterString>
                <gmd:PT_FreeText>
                  <gmd:textGroup>
                    <gmd:LocalisedCharacterString locale="#EN">Postbus 201</gmd:LocalisedCharacterString>
                  </gmd:textGroup>
                </gmd:PT_FreeText>
              </gmd:deliveryPoint>
              <gmd:city>
                <gco:CharacterString xmlns:gco="http://www.isotc211.org/2005/gco">De Bilt</gco:CharacterString>
              </gmd:city>
              <gmd:administrativeArea>
                <gco:CharacterString xmlns:gco="http://www.isotc211.org/2005/gco">Utrecht</gco:CharacterString>
              </gmd:administrativeArea>
              <gmd:postalCode>
                <gco:CharacterString xmlns:gco="http://www.isotc211.org/2005/gco">3730 AE</gco:CharacterString>
              </gmd:postalCode>
              <gmd:country xmlns:gco="http://www.isotc211.org/2005/gco" gco:nilReason="missing" xsi:type="gmd:PT_FreeText_PropertyType">
                <gco:CharacterString>NL</gco:CharacterString>
                <gmd:PT_FreeText>
                  <gmd:textGroup>
                    <gmd:LocalisedCharacterString locale="#EN">NL</gmd:LocalisedCharacterString>
                  </gmd:textGroup>
                </gmd:PT_FreeText>
              </gmd:country>
              <gmd:electronicMailAddress xmlns:gco="http://www.isotc211.org/2005/gco" gco:nilReason="missing" xsi:type="gmd:PT_FreeText_PropertyType">
                <gco:CharacterString>datacentrum@knmi.nl</gco:CharacterString>
                <gmd:PT_FreeText>
                  <gmd:textGroup>
                    <gmd:LocalisedCharacterString locale="#EN">datacentrum@knmi.nl</gmd:LocalisedCharacterString>
                  </gmd:textGroup>
                </gmd:PT_FreeText>
              </gmd:electronicMailAddress>
            </gmd:CI_Address>
          </gmd:address>
          <gmd:onlineResource>
            <gmd:CI_OnlineResource>
              <gmd:linkage>
                <gmd:URL>http://data.knmi.nl</gmd:URL>
              </gmd:linkage>
            </gmd:CI_OnlineResource>
          </gmd:onlineResource>
        </gmd:CI_Contact>
      </gmd:contactInfo>
      <gmd:role>
        <!-- Vaste waarde pointOfContact -->
        <gmd:CI_RoleCode codeList="http://standards.iso.org/ittf/PubliclyAvailableStandards/ISO_19139_Schemas/resources/codelist/ML_gmxCodelists.xml#CI_RoleCode" codeListValue="pointOfContact" />
      </gmd:role>
    </gmd:CI_ResponsibleParty>
  </gmd:contact>
  <gmd:dateStamp>
    <gco:Date xmlns:gco="http://www.isotc211.org/2005/gco">2014-05-02</gco:Date>
  </gmd:dateStamp>
  <gmd:metadataStandardName>
    <gco:CharacterString xmlns:gco="http://www.isotc211.org/2005/gco">ISO 19115</gco:CharacterString>
  </gmd:metadataStandardName>
  <gmd:metadataStandardVersion>
    <gco:CharacterString xmlns:gco="http://www.isotc211.org/2005/gco">Nederlandse metadata profiel op ISO 19115 voor geografie 1.2</gco:CharacterString>
  </gmd:metadataStandardVersion>
  <gmd:locale>
    <!-- Vertaling in het nederlands kan beschikbaar zijn -->
    <gmd:PT_Locale id="NL">
      <gmd:languageCode>
        <gmd:LanguageCode codeList="http://www.loc.gov/standards/iso639-2/" codeListValue="dut" />
      </gmd:languageCode>
      <gmd:characterEncoding>
        <gmd:MD_CharacterSetCode codeList="http://standards.iso.org/ittf/PubliclyAvailableStandards/ISO_19139_Schemas/resources/codelist/ML_gmxCodelists.xml#MD_CharacterSetCode" codeListValue="" />
      </gmd:characterEncoding>
    </gmd:PT_Locale>
  </gmd:locale>
  <gmd:locale>
    <gmd:PT_Locale id="EN">
      <gmd:languageCode>
        <gmd:LanguageCode codeList="http://www.loc.gov/standards/iso639-2/" codeListValue="eng" />
      </gmd:languageCode>
      <gmd:characterEncoding>
        <gmd:MD_CharacterSetCode codeList="http://standards.iso.org/ittf/PubliclyAvailableStandards/ISO_19139_Schemas/resources/codelist/ML_gmxCodelists.xml#MD_CharacterSetCode" codeListValue="utf8" />
      </gmd:characterEncoding>
    </gmd:PT_Locale>
  </gmd:locale>
  <gmd:referenceSystemInfo>
    <gmd:MD_ReferenceSystem>
      <gmd:referenceSystemIdentifier>
        <gmd:RS_Identifier>
          <gmd:code xmlns:gco="http://www.isotc211.org/2005/gco" gco:nilReason="missing" xsi:type="gmd:PT_FreeText_PropertyType">
            <gco:CharacterString>EPSG:4326</gco:CharacterString>
            <gmd:PT_FreeText>
              <gmd:textGroup>
                <gmd:LocalisedCharacterString locale="#EN">EPSG:4326</gmd:LocalisedCharacterString>
              </gmd:textGroup>
            </gmd:PT_FreeText>
          </gmd:code>
          <gmd:codeSpace>
            <gco:CharacterString xmlns:gco="http://www.isotc211.org/2005/gco">EPSG</gco:CharacterString>
          </gmd:codeSpace>
        </gmd:RS_Identifier>
      </gmd:referenceSystemIdentifier>
    </gmd:MD_ReferenceSystem>
  </gmd:referenceSystemInfo>
  <gmd:identificationInfo>
    <gmd:MD_DataIdentification>
      <gmd:citation>
        <gmd:CI_Citation>
          <gmd:title xmlns:gco="http://www.isotc211.org/2005/gco" gco:nilReason="missing" xsi:type="gmd:PT_FreeText_PropertyType">
            <gco:CharacterString>KNMI network of observation stations</gco:CharacterString>
            <gmd:PT_FreeText>
              <gmd:textGroup>
                <gmd:LocalisedCharacterString locale="#EN">KNMI network of observation stations</gmd:LocalisedCharacterString>
              </gmd:textGroup>
              <gmd:textGroup>
                <gmd:LocalisedCharacterString locale="#NL">KNMI netwerk van waarneemstations</gmd:LocalisedCharacterString>
              </gmd:textGroup>
            </gmd:PT_FreeText>
          </gmd:title>
          <gmd:date>
            <gmd:CI_Date>
              <gmd:date>
                <gco:Date xmlns:gco="http://www.isotc211.org/2005/gco">2014-07-24</gco:Date>
              </gmd:date>
              <gmd:dateType>
                <gmd:CI_DateTypeCode codeListValue="creation" codeList="http://standards.iso.org/ittf/PubliclyAvailableStandards/ISO_19139_Schemas/resources/codelist/ML_gmxCodelists.xml#CI_DateTypeCode" />
              </gmd:dateType>
            </gmd:CI_Date>
          </gmd:date>
          <gmd:edition>
            <gco:CharacterString xmlns:gco="http://www.isotc211.org/2005/gco">2</gco:CharacterString>
          </gmd:edition>
          <gmd:editionDate>
            <gco:Date xmlns:gco="http://www.isotc211.org/2005/gco">2014-07-24</gco:Date>
          </gmd:editionDate>
          <gmd:identifier>
            <gmd:MD_Identifier>
              <gmd:code>
                <gco:CharacterString xmlns:gco="http://www.isotc211.org/2005/gco">urn:xkdc:ds:nl.knmi::waarneemstations/2/</gco:CharacterString>
              </gmd:code>
            </gmd:MD_Identifier>
          </gmd:identifier>
        </gmd:CI_Citation>
      </gmd:citation>
      <gmd:abstract xmlns:gco="http://www.isotc211.org/2005/gco" gco:nilReason="missing" xsi:type="gmd:PT_FreeText_PropertyType">
        <gco:CharacterString>This dataset contains information about the KNMI network of observations stations in the Netherlands that consists of 33 automatic weather stations on land, 15 wind poles in coastal areas and 13 automatic weather stations on North Sea platforms. Each station operates one of more sensors to observe temperature, relative humidity, wind, air pressure, visibility, radiation, precipitation, cloudiness, snow depth, soil temperature and present weather.</gco:CharacterString>
        <gmd:PT_FreeText>
          <gmd:textGroup>
            <gmd:LocalisedCharacterString locale="#EN">This dataset contains information about the KNMI network of observations stations in the Netherlands that consists of 33 automatic weather stations on land, 15 wind poles in coastal areas and 13 automatic weather stations on North Sea platforms. Each station operates one of more sensors to observe temperature, relative humidity, wind, air pressure, visibility, radiation, precipitation, cloudiness, snow depth, soil temperature and present weather.</gmd:LocalisedCharacterString>
          </gmd:textGroup>
          <gmd:textGroup>
            <gmd:LocalisedCharacterString locale="#NL">Deze dataset bevat gegevens over het KNMI netwerk van waarneemstations in Nederland dat bestaat uit 33 automatische weerstations op land, 15 windmasten in het kustgebied en 13 automatische weerstations op Noordzee platforms. Elk station bedient een of meerdere sensoren voor het waarnemen van temperatuur, luchtvochtigheid, wind, luchtdruk, zicht, straling, neerslag, bewolking, sneeuwhoogte, bodemtemperatuur en actueel weer.</gmd:LocalisedCharacterString>
          </gmd:textGroup>
        </gmd:PT_FreeText>
      </gmd:abstract>
      <gmd:purpose xmlns:gco="http://www.isotc211.org/2005/gco" gco:nilReason="missing" xsi:type="gmd:PT_FreeText_PropertyType">
        <gco:CharacterString />
        <gmd:PT_FreeText>
          <gmd:textGroup>
            <gmd:LocalisedCharacterString locale="#EN" />
          </gmd:textGroup>
          <gmd:textGroup>
            <gmd:LocalisedCharacterString locale="#NL" />
          </gmd:textGroup>
        </gmd:PT_FreeText>
      </gmd:purpose>
      <gmd:status>
        <gmd:MD_ProgressCode codeListValue="onGoing" codeList="http://standards.iso.org/ittf/PubliclyAvailableStandards/ISO_19139_Schemas/resources/codelist/ML_gmxCodelists.xml#MD_ProgressCode" />
      </gmd:status>
      <gmd:pointOfContact>
        <gmd:CI_ResponsibleParty>
          <gmd:individualName xmlns:gco="http://www.isotc211.org/2005/gco" gco:nilReason="missing" xsi:type="gmd:PT_FreeText_PropertyType">
            <gco:CharacterString>KNMI Data Centre</gco:CharacterString>
            <gmd:PT_FreeText>
              <gmd:textGroup>
                <gmd:LocalisedCharacterString locale="#EN">KNMI Data Centre</gmd:LocalisedCharacterString>
              </gmd:textGroup>
              <gmd:textGroup>
                <gmd:LocalisedCharacterString locale="#NL">KNMI Datacentrum</gmd:LocalisedCharacterString>
              </gmd:textGroup>
            </gmd:PT_FreeText>
          </gmd:individualName>
          <gmd:organisationName xmlns:gco="http://www.isotc211.org/2005/gco" gco:nilReason="missing" xsi:type="gmd:PT_FreeText_PropertyType">
            <gco:CharacterString>Royal Netherlands Meteorological Institute (KNMI)</gco:CharacterString>
            <gmd:PT_FreeText>
              <gmd:textGroup>
                <gmd:LocalisedCharacterString locale="#EN">Royal Netherlands Meteorological Institute (KNMI)</gmd:LocalisedCharacterString>
              </gmd:textGroup>
              <gmd:textGroup>
                <gmd:LocalisedCharacterString locale="#NL">Koninklijk Nederlands Meteorologisch Instituut (KNMI)</gmd:LocalisedCharacterString>
              </gmd:textGroup>
            </gmd:PT_FreeText>
          </gmd:organisationName>
          <gmd:contactInfo>
            <gmd:CI_Contact>
              <gmd:phone>
                <gmd:CI_Telephone>
                  <gmd:voice>
                    <gco:CharacterString xmlns:gco="http://www.isotc211.org/2005/gco">+31 (0)30 220 69 11</gco:CharacterString>
                  </gmd:voice>
                </gmd:CI_Telephone>
              </gmd:phone>
              <gmd:address>
                <gmd:CI_Address>
                  <gmd:deliveryPoint xmlns:gco="http://www.isotc211.org/2005/gco" gco:nilReason="missing" xsi:type="gmd:PT_FreeText_PropertyType">
                    <gco:CharacterString>Postbus 201</gco:CharacterString>
                    <gmd:PT_FreeText>
                      <gmd:textGroup>
                        <gmd:LocalisedCharacterString locale="#EN">Postbus 201</gmd:LocalisedCharacterString>
                      </gmd:textGroup>
                    </gmd:PT_FreeText>
                  </gmd:deliveryPoint>
                  <gmd:city>
                    <gco:CharacterString xmlns:gco="http://www.isotc211.org/2005/gco">De Bilt</gco:CharacterString>
                  </gmd:city>
                  <gmd:administrativeArea>
                    <gco:CharacterString xmlns:gco="http://www.isotc211.org/2005/gco">Utrecht</gco:CharacterString>
                  </gmd:administrativeArea>
                  <gmd:postalCode>
                    <gco:CharacterString xmlns:gco="http://www.isotc211.org/2005/gco">3730 AE</gco:CharacterString>
                  </gmd:postalCode>
                  <gmd:country xmlns:gco="http://www.isotc211.org/2005/gco" gco:nilReason="missing" xsi:type="gmd:PT_FreeText_PropertyType">
                    <gco:CharacterString>NL</gco:CharacterString>
                    <gmd:PT_FreeText>
                      <gmd:textGroup>
                        <gmd:LocalisedCharacterString locale="#EN">NL</gmd:LocalisedCharacterString>
                      </gmd:textGroup>
                    </gmd:PT_FreeText>
                  </gmd:country>
                  <gmd:electronicMailAddress xmlns:gco="http://www.isotc211.org/2005/gco" gco:nilReason="missing" xsi:type="gmd:PT_FreeText_PropertyType">
                    <gco:CharacterString>datacentrum@knmi.nl</gco:CharacterString>
                    <gmd:PT_FreeText>
                      <gmd:textGroup>
                        <gmd:LocalisedCharacterString locale="#EN">datacentrum@knmi.nl</gmd:LocalisedCharacterString>
                      </gmd:textGroup>
                    </gmd:PT_FreeText>
                  </gmd:electronicMailAddress>
                </gmd:CI_Address>
              </gmd:address>
              <gmd:onlineResource>
                <gmd:CI_OnlineResource>
                  <gmd:linkage>
                    <gmd:URL>http://data.knmi.nl</gmd:URL>
                  </gmd:linkage>
                </gmd:CI_OnlineResource>
              </gmd:onlineResource>
            </gmd:CI_Contact>
          </gmd:contactInfo>
          <gmd:role>
            <gmd:CI_RoleCode codeList="http://standards.iso.org/ittf/PubliclyAvailableStandards/ISO_19139_Schemas/resources/codelist/ML_gmxCodelists.xml#CI_RoleCode" codeListValue="custodian" />
          </gmd:role>
        </gmd:CI_ResponsibleParty>
      </gmd:pointOfContact>
      <gmd:resourceMaintenance>
        <gmd:MD_MaintenanceInformation>
          <gmd:maintenanceAndUpdateFrequency>
            <gmd:MD_MaintenanceFrequencyCode codeListValue="irregular" codeList="http://standards.iso.org/ittf/PubliclyAvailableStandards/ISO_19139_Schemas/resources/codelist/ML_gmxCodelists.xml#MD_MaintenanceFrequencyCode" />
          </gmd:maintenanceAndUpdateFrequency>
        </gmd:MD_MaintenanceInformation>
      </gmd:resourceMaintenance>
      <gmd:graphicOverview>
        <gmd:MD_BrowseGraphic>
          <gmd:fileName>
            <gco:CharacterString xmlns:gco="http://www.isotc211.org/2005/gco">http://geoservices.knmi.nl/cgi-bin/inspireviewservice.cgi?DATASET=urn:xkdc:ds:nl.knmi::waarneemstations/2/&amp;SERVICE=WMS&amp;VERSION=1.3.0&amp;REQUEST=GetMap&amp;LAYERS=baselayer,type,overlay&amp;WIDTH=256&amp;HEIGHT=256&amp;CRS=EPSG%3A4326&amp;BBOX=50.7,2.9,55.4,7.4&amp;FORMAT=image/png</gco:CharacterString>
          </gmd:fileName>
        </gmd:MD_BrowseGraphic>
      </gmd:graphicOverview>
      <gmd:descriptiveKeywords>
        <gmd:MD_Keywords>
          <gmd:keyword xmlns:gco="http://www.isotc211.org/2005/gco" gco:nilReason="missing" xsi:type="gmd:PT_FreeText_PropertyType">
            <gco:CharacterString>Environmental monitoring facilities</gco:CharacterString>
            <gmd:PT_FreeText>
              <gmd:textGroup>
                <gmd:LocalisedCharacterString locale="#EN">Environmental monitoring facilities</gmd:LocalisedCharacterString>
              </gmd:textGroup>
              <gmd:textGroup>
                <gmd:LocalisedCharacterString locale="#NL">Milieubewakingsvoorzieningen</gmd:LocalisedCharacterString>
              </gmd:textGroup>
            </gmd:PT_FreeText>
          </gmd:keyword>
          <gmd:thesaurusName>
            <gmd:CI_Citation>
              <gmd:title xmlns:gco="http://www.isotc211.org/2005/gco" gco:nilReason="missing" xsi:type="gmd:PT_FreeText_PropertyType">
                <gco:CharacterString>GEMET - INSPIRE themes, version 1.0</gco:CharacterString>
                <gmd:PT_FreeText>
                  <gmd:textGroup>
                    <gmd:LocalisedCharacterString locale="#EN">GEMET - INSPIRE themes, version 1.0</gmd:LocalisedCharacterString>
                  </gmd:textGroup>
                </gmd:PT_FreeText>
              </gmd:title>
              <gmd:date>
                <gmd:CI_Date>
                  <gmd:date>
                    <gco:Date xmlns:gco="http://www.isotc211.org/2005/gco">2008-06-01</gco:Date>
                  </gmd:date>
                  <gmd:dateType>
                    <gmd:CI_DateTypeCode codeList="http://standards.iso.org/ittf/PubliclyAvailableStandards/ISO_19139_Schemas/resources/codelist/ML_gmxCodelists.xml#CI_DateTypeCode" codeListValue="publication" />
                  </gmd:dateType>
                </gmd:CI_Date>
              </gmd:date>
            </gmd:CI_Citation>
          </gmd:thesaurusName>
        </gmd:MD_Keywords>
      </gmd:descriptiveKeywords>
      <gmd:descriptiveKeywords>
        <gmd:MD_Keywords>
          <gmd:keyword xmlns:gco="http://www.isotc211.org/2005/gco" gco:nilReason="missing" xsi:type="gmd:PT_FreeText_PropertyType">
            <gco:CharacterString>observation station</gco:CharacterString>
            <gmd:PT_FreeText>
              <gmd:textGroup>
                <gmd:LocalisedCharacterString locale="#EN">observation station</gmd:LocalisedCharacterString>
              </gmd:textGroup>
              <gmd:textGroup>
                <gmd:LocalisedCharacterString locale="#NL">waarneemstation</gmd:LocalisedCharacterString>
              </gmd:textGroup>
            </gmd:PT_FreeText>
          </gmd:keyword>
          <gmd:keyword xmlns:gco="http://www.isotc211.org/2005/gco" gco:nilReason="missing" xsi:type="gmd:PT_FreeText_PropertyType">
            <gco:CharacterString>sensors</gco:CharacterString>
            <gmd:PT_FreeText>
              <gmd:textGroup>
                <gmd:LocalisedCharacterString locale="#EN">sensors</gmd:LocalisedCharacterString>
              </gmd:textGroup>
              <gmd:textGroup>
                <gmd:LocalisedCharacterString locale="#NL">sensoren</gmd:LocalisedCharacterString>
              </gmd:textGroup>
            </gmd:PT_FreeText>
          </gmd:keyword>
          <gmd:keyword xmlns:gco="http://www.isotc211.org/2005/gco" gco:nilReason="missing" xsi:type="gmd:PT_FreeText_PropertyType">
            <gco:CharacterString>network</gco:CharacterString>
            <gmd:PT_FreeText>
              <gmd:textGroup>
                <gmd:LocalisedCharacterString locale="#EN">network</gmd:LocalisedCharacterString>
              </gmd:textGroup>
              <gmd:textGroup>
                <gmd:LocalisedCharacterString locale="#NL">netwerk</gmd:LocalisedCharacterString>
              </gmd:textGroup>
            </gmd:PT_FreeText>
          </gmd:keyword>
        </gmd:MD_Keywords>
      </gmd:descriptiveKeywords>
      <gmd:resourceConstraints>
        <gmd:MD_Constraints>
          <gmd:useLimitation xmlns:gco="http://www.isotc211.org/2005/gco" gco:nilReason="missing" xsi:type="gmd:PT_FreeText_PropertyType">
            <gco:CharacterString>No use limitations.</gco:CharacterString>
            <gmd:PT_FreeText>
              <gmd:textGroup>
                <gmd:LocalisedCharacterString locale="#EN">No use limitations.</gmd:LocalisedCharacterString>
              </gmd:textGroup>
              <gmd:textGroup>
                <gmd:LocalisedCharacterString locale="#NL">Geen gebruiksbeperkingen.</gmd:LocalisedCharacterString>
              </gmd:textGroup>
            </gmd:PT_FreeText>
          </gmd:useLimitation>
        </gmd:MD_Constraints>
      </gmd:resourceConstraints>
      <gmd:resourceConstraints>
        <gmd:MD_SecurityConstraints>
          <gmd:classification>
            <gmd:MD_ClassificationCode codeList="http://standards.iso.org/ittf/PubliclyAvailableStandards/ISO_19139_Schemas/resources/codelist/ML_gmxCodelists.xml#MD_ClassificationCode" codeListValue="unclassified" />
          </gmd:classification>
        </gmd:MD_SecurityConstraints>
      </gmd:resourceConstraints>
      <gmd:resourceConstraints>
        <gmd:MD_LegalConstraints>
          <gmd:accessConstraints>
            <!-- Moet overeenkomen met de bijbehorende DATASET CONSTRAINTS en element WMS_Capabilities/Service/AccessConstraints in het Capabilities bestand -->
            <!-- Als er geen gebruiksrestricties zijn: otherRestrictions bij element MD_RestrictionCode en verwijzing naar Public Domain verklaring of CC0  bij otherConstraints -->
            <!-- Anders een geogedeeld licentie aanmaken en bij  otherConstraints de verwijzing naar die licentie opnemen. -->
            <gmd:MD_RestrictionCode codeListValue="otherRestrictions" codeList="http://standards.iso.org/ittf/PubliclyAvailableStandards/ISO_19139_Schemas/resources/codelist/ML_gmxCodelists.xml#MD_RestrictionCode" />
          </gmd:accessConstraints>
          <gmd:otherConstraints xmlns:gco="http://www.isotc211.org/2005/gco" gco:nilReason="missing" xsi:type="gmd:PT_FreeText_PropertyType">
            <gco:CharacterString>No limitations.</gco:CharacterString>
            <gmd:PT_FreeText>
              <gmd:textGroup>
                <gmd:LocalisedCharacterString locale="#EN">No limitations.</gmd:LocalisedCharacterString>
              </gmd:textGroup>
              <gmd:textGroup>
                <gmd:LocalisedCharacterString locale="#NL">Geen beperkingen.</gmd:LocalisedCharacterString>
              </gmd:textGroup>
            </gmd:PT_FreeText>
          </gmd:otherConstraints>
          <gmd:otherConstraints xmlns:gco="http://www.isotc211.org/2005/gco" gco:nilReason="missing" xsi:type="gmd:PT_FreeText_PropertyType">
            <gco:CharacterString>http://creativecommons.org/publicdomain/zero/1.0/deed.nl</gco:CharacterString>
            <gmd:PT_FreeText>
              <gmd:textGroup>
                <gmd:LocalisedCharacterString locale="#EN">http://creativecommons.org/publicdomain/zero/1.0/deed.nl</gmd:LocalisedCharacterString>
              </gmd:textGroup>
            </gmd:PT_FreeText>
          </gmd:otherConstraints>
        </gmd:MD_LegalConstraints>
      </gmd:resourceConstraints>
      <gmd:spatialRepresentationType>
        <gmd:MD_SpatialRepresentationTypeCode codeListValue="" codeList="http://standards.iso.org/ittf/PubliclyAvailableStandards/ISO_19139_Schemas/resources/codelist/ML_gmxCodelists.xml#MD_SpatialRepresentationTypeCode" />
      </gmd:spatialRepresentationType>
      <gmd:spatialResolution>
        <gmd:MD_Resolution>
          <gmd:distance>
            <gco:Distance xmlns:gco="http://www.isotc211.org/2005/gco" uom="meters">25000</gco:Distance>
          </gmd:distance>
        </gmd:MD_Resolution>
      </gmd:spatialResolution>
      <gmd:language>
        <gmd:LanguageCode codeList="http://www.loc.gov/standards/iso639-2/" codeListValue="eng" />
      </gmd:language>
      <gmd:characterSet>
        <gmd:MD_CharacterSetCode codeListValue="utf8" codeList="http://standards.iso.org/ittf/PubliclyAvailableStandards/ISO_19139_Schemas/resources/codelist/ML_gmxCodelists.xml#MD_CharacterSetCode" />
      </gmd:characterSet>
      <gmd:topicCategory>
        <gmd:MD_TopicCategoryCode>climatologyMeteorologyAtmosphere</gmd:MD_TopicCategoryCode>
      </gmd:topicCategory>
      <gmd:extent>
        <!-- Start ***UNIEK*** per dataset/view service combinatie -->
        <gmd:EX_Extent>
          <gmd:geographicElement>
            <gmd:EX_GeographicBoundingBox>
              <gmd:westBoundLongitude>
                <gco:Decimal xmlns:gco="http://www.isotc211.org/2005/gco">3.2</gco:Decimal>
              </gmd:westBoundLongitude>
              <gmd:eastBoundLongitude>
                <gco:Decimal xmlns:gco="http://www.isotc211.org/2005/gco">7.4</gco:Decimal>
              </gmd:eastBoundLongitude>
              <gmd:southBoundLatitude>
                <gco:Decimal xmlns:gco="http://www.isotc211.org/2005/gco">50.7</gco:Decimal>
              </gmd:southBoundLatitude>
              <gmd:northBoundLatitude>
                <gco:Decimal xmlns:gco="http://www.isotc211.org/2005/gco">55.4</gco:Decimal>
              </gmd:northBoundLatitude>
            </gmd:EX_GeographicBoundingBox>
          </gmd:geographicElement>
          <gmd:temporalElement>
            <gmd:EX_TemporalExtent>
              <gmd:extent>
                <gml:TimePeriod xmlns:gml="http://www.opengis.net/gml" gml:id="d7669e433a1052958">
                  <gml:beginPosition>2014-07-24T00:00:00</gml:beginPosition>
                  <gml:endPosition>9999-12-31T23:59:00</gml:endPosition>
                </gml:TimePeriod>
              </gmd:extent>
            </gmd:EX_TemporalExtent>
          </gmd:temporalElement>
        </gmd:EX_Extent>
        <!-- einde ***UNIEK*** per dataset/view service combinatie -->
      </gmd:extent>
      <gmd:supplementalInformation xmlns:gco="http://www.isotc211.org/2005/gco" gco:nilReason="missing" xsi:type="gmd:PT_FreeText_PropertyType">
        <gco:CharacterString />
        <gmd:PT_FreeText>
          <gmd:textGroup>
            <gmd:LocalisedCharacterString locale="#EN" />
          </gmd:textGroup>
          <gmd:textGroup>
            <gmd:LocalisedCharacterString locale="#NL" />
          </gmd:textGroup>
        </gmd:PT_FreeText>
      </gmd:supplementalInformation>
    </gmd:MD_DataIdentification>
  </gmd:identificationInfo>
  <gmd:distributionInfo>
    <gmd:MD_Distribution>
      <gmd:distributionFormat>
        <gmd:MD_Format>
          <gmd:name xmlns:gco="http://www.isotc211.org/2005/gco" gco:nilReason="missing" xsi:type="gmd:PT_FreeText_PropertyType">
            <gco:CharacterString>NetCDF</gco:CharacterString>
            <gmd:PT_FreeText>
              <gmd:textGroup>
                <gmd:LocalisedCharacterString locale="#EN">NetCDF</gmd:LocalisedCharacterString>
              </gmd:textGroup>
            </gmd:PT_FreeText>
          </gmd:name>
          <gmd:version>
            <gco:CharacterString xmlns:gco="http://www.isotc211.org/2005/gco">CF</gco:CharacterString>
          </gmd:version>
          <gmd:specification>
            <gco:CharacterString xmlns:gco="http://www.isotc211.org/2005/gco">4</gco:CharacterString>
          </gmd:specification>
        </gmd:MD_Format>
      </gmd:distributionFormat>
      <gmd:distributor>
        <gmd:MD_Distributor>
          <gmd:distributorContact>
            <gmd:CI_ResponsibleParty>
              <gmd:individualName xmlns:gco="http://www.isotc211.org/2005/gco" gco:nilReason="missing" xsi:type="gmd:PT_FreeText_PropertyType">
                <gco:CharacterString>KNMI Data Centre</gco:CharacterString>
                <gmd:PT_FreeText>
                  <gmd:textGroup>
                    <gmd:LocalisedCharacterString locale="#EN">KNMI Data Centre</gmd:LocalisedCharacterString>
                  </gmd:textGroup>
                  <gmd:textGroup>
                    <gmd:LocalisedCharacterString locale="#NL">KNMI Datacentrum</gmd:LocalisedCharacterString>
                  </gmd:textGroup>
                </gmd:PT_FreeText>
              </gmd:individualName>
              <gmd:organisationName xmlns:gco="http://www.isotc211.org/2005/gco" gco:nilReason="missing" xsi:type="gmd:PT_FreeText_PropertyType">
                <gco:CharacterString>Royal Netherlands Meteorological Institute (KNMI)</gco:CharacterString>
                <gmd:PT_FreeText>
                  <gmd:textGroup>
                    <gmd:LocalisedCharacterString locale="#EN">Royal Netherlands Meteorological Institute (KNMI)</gmd:LocalisedCharacterString>
                  </gmd:textGroup>
                  <gmd:textGroup>
                    <gmd:LocalisedCharacterString locale="#NL">Koninklijk Nederlands Meteorologisch Instituut (KNMI)</gmd:LocalisedCharacterString>
                  </gmd:textGroup>
                </gmd:PT_FreeText>
              </gmd:organisationName>
              <gmd:contactInfo>
                <gmd:CI_Contact>
                  <gmd:phone>
                    <gmd:CI_Telephone>
                      <gmd:voice>
                        <gco:CharacterString xmlns:gco="http://www.isotc211.org/2005/gco">+31 (0)30 220 69 11</gco:CharacterString>
                      </gmd:voice>
                    </gmd:CI_Telephone>
                  </gmd:phone>
                  <gmd:address>
                    <gmd:CI_Address>
                      <gmd:deliveryPoint xmlns:gco="http://www.isotc211.org/2005/gco" gco:nilReason="missing" xsi:type="gmd:PT_FreeText_PropertyType">
                        <gco:CharacterString>Postbus 201</gco:CharacterString>
                        <gmd:PT_FreeText>
                          <gmd:textGroup>
                            <gmd:LocalisedCharacterString locale="#EN">Postbus 201</gmd:LocalisedCharacterString>
                          </gmd:textGroup>
                        </gmd:PT_FreeText>
                      </gmd:deliveryPoint>
                      <gmd:city>
                        <gco:CharacterString xmlns:gco="http://www.isotc211.org/2005/gco">De Bilt</gco:CharacterString>
                      </gmd:city>
                      <gmd:administrativeArea>
                        <gco:CharacterString xmlns:gco="http://www.isotc211.org/2005/gco">Utrecht</gco:CharacterString>
                      </gmd:administrativeArea>
                      <gmd:postalCode>
                        <gco:CharacterString xmlns:gco="http://www.isotc211.org/2005/gco">3730 AE</gco:CharacterString>
                      </gmd:postalCode>
                      <gmd:country xmlns:gco="http://www.isotc211.org/2005/gco" gco:nilReason="missing" xsi:type="gmd:PT_FreeText_PropertyType">
                        <gco:CharacterString>NL</gco:CharacterString>
                        <gmd:PT_FreeText>
                          <gmd:textGroup>
                            <gmd:LocalisedCharacterString locale="#EN">NL</gmd:LocalisedCharacterString>
                          </gmd:textGroup>
                        </gmd:PT_FreeText>
                      </gmd:country>
                      <gmd:electronicMailAddress xmlns:gco="http://www.isotc211.org/2005/gco" gco:nilReason="missing" xsi:type="gmd:PT_FreeText_PropertyType">
                        <gco:CharacterString>datacentrum@knmi.nl</gco:CharacterString>
                        <gmd:PT_FreeText>
                          <gmd:textGroup>
                            <gmd:LocalisedCharacterString locale="#EN">datacentrum@knmi.nl</gmd:LocalisedCharacterString>
                          </gmd:textGroup>
                        </gmd:PT_FreeText>
                      </gmd:electronicMailAddress>
                    </gmd:CI_Address>
                  </gmd:address>
                  <gmd:onlineResource>
                    <gmd:CI_OnlineResource>
                      <gmd:linkage>
                        <gmd:URL>http://data.knmi.nl</gmd:URL>
                      </gmd:linkage>
                    </gmd:CI_OnlineResource>
                  </gmd:onlineResource>
                </gmd:CI_Contact>
              </gmd:contactInfo>
              <gmd:role>
                <gmd:CI_RoleCode codeList="http://standards.iso.org/ittf/PubliclyAvailableStandards/ISO_19139_Schemas/resources/codelist/ML_gmxCodelists.xml#CI_RoleCode" codeListValue="pointOfContact" />
              </gmd:role>
            </gmd:CI_ResponsibleParty>
          </gmd:distributorContact>
        </gmd:MD_Distributor>
      </gmd:distributor>
      <gmd:transferOptions>
        <gmd:MD_DigitalTransferOptions>
          <gmd:transferSize xmlns:gco="http://www.isotc211.org/2005/gco" gco:nilReason="missing" />
          <gmd:onLine>
            <gmd:CI_OnlineResource>
              <gmd:linkage>
                <gmd:URL>http://data.knmi.nl/inspire/atom?dataset=urn:xkdc:ds:nl.knmi::waarneemstations/2/</gmd:URL>
              </gmd:linkage>
              <gmd:protocol>
                <gco:CharacterString xmlns:gco="http://www.isotc211.org/2005/gco">INSPIRE Atom</gco:CharacterString>
              </gmd:protocol>
              <gmd:name xmlns:gco="http://www.isotc211.org/2005/gco" gco:nilReason="missing" xsi:type="gmd:PT_FreeText_PropertyType">
                <gco:CharacterString>Atom download service</gco:CharacterString>
                <gmd:PT_FreeText>
                  <gmd:textGroup>
                    <gmd:LocalisedCharacterString locale="#EN">Atom download service</gmd:LocalisedCharacterString>
                  </gmd:textGroup>
                </gmd:PT_FreeText>
              </gmd:name>
            </gmd:CI_OnlineResource>
          </gmd:onLine>
          <gmd:onLine>
            <gmd:CI_OnlineResource>
              <gmd:linkage>
                <gmd:URL>http://geoservices.knmi.nl/cgi-bin/inspireviewservice.cgi?DATASET=urn:xkdc:ds:nl.knmi::waarneemstations/2/&amp;service=wms&amp;</gmd:URL>
              </gmd:linkage>
              <gmd:protocol>
                <gco:CharacterString xmlns:gco="http://www.isotc211.org/2005/gco">OGC:WMS</gco:CharacterString>
              </gmd:protocol>
              <gmd:name xmlns:gco="http://www.isotc211.org/2005/gco" gco:nilReason="missing" xsi:type="gmd:PT_FreeText_PropertyType">
                <gco:CharacterString>name</gco:CharacterString>
                <gmd:PT_FreeText>
                  <gmd:textGroup>
                    <gmd:LocalisedCharacterString locale="#EN">name</gmd:LocalisedCharacterString>
                  </gmd:textGroup>
                </gmd:PT_FreeText>
              </gmd:name>
              <gmd:description xmlns:gco="http://www.isotc211.org/2005/gco" gco:nilReason="missing" xsi:type="gmd:PT_FreeText_PropertyType">
                <gco:CharacterString>station name</gco:CharacterString>
                <gmd:PT_FreeText>
                  <gmd:textGroup>
                    <gmd:LocalisedCharacterString locale="#EN">station name</gmd:LocalisedCharacterString>
                  </gmd:textGroup>
                  <gmd:textGroup>
                    <gmd:LocalisedCharacterString locale="#NL">stationsnaam</gmd:LocalisedCharacterString>
                  </gmd:textGroup>
                </gmd:PT_FreeText>
              </gmd:description>
            </gmd:CI_OnlineResource>
          </gmd:onLine>
          <gmd:onLine>
            <gmd:CI_OnlineResource>
              <gmd:linkage>
                <gmd:URL>http://geoservices.knmi.nl/cgi-bin/inspireviewservice.cgi?DATASET=urn:xkdc:ds:nl.knmi::waarneemstations/2/&amp;service=wms&amp;</gmd:URL>
              </gmd:linkage>
              <gmd:protocol>
                <gco:CharacterString xmlns:gco="http://www.isotc211.org/2005/gco">OGC:WMS</gco:CharacterString>
              </gmd:protocol>
              <gmd:name xmlns:gco="http://www.isotc211.org/2005/gco" gco:nilReason="missing" xsi:type="gmd:PT_FreeText_PropertyType">
                <gco:CharacterString>height</gco:CharacterString>
                <gmd:PT_FreeText>
                  <gmd:textGroup>
                    <gmd:LocalisedCharacterString locale="#EN">height</gmd:LocalisedCharacterString>
                  </gmd:textGroup>
                </gmd:PT_FreeText>
              </gmd:name>
              <gmd:description xmlns:gco="http://www.isotc211.org/2005/gco" gco:nilReason="missing" xsi:type="gmd:PT_FreeText_PropertyType">
                <gco:CharacterString>station height</gco:CharacterString>
                <gmd:PT_FreeText>
                  <gmd:textGroup>
                    <gmd:LocalisedCharacterString locale="#EN">station height</gmd:LocalisedCharacterString>
                  </gmd:textGroup>
                  <gmd:textGroup>
                    <gmd:LocalisedCharacterString locale="#NL">stationshoogte</gmd:LocalisedCharacterString>
                  </gmd:textGroup>
                </gmd:PT_FreeText>
              </gmd:description>
            </gmd:CI_OnlineResource>
          </gmd:onLine>
          <gmd:onLine>
            <gmd:CI_OnlineResource>
              <gmd:linkage>
                <gmd:URL>http://geoservices.knmi.nl/cgi-bin/inspireviewservice.cgi?DATASET=urn:xkdc:ds:nl.knmi::waarneemstations/2/&amp;service=wms&amp;</gmd:URL>
              </gmd:linkage>
              <gmd:protocol>
                <gco:CharacterString xmlns:gco="http://www.isotc211.org/2005/gco">OGC:WMS</gco:CharacterString>
              </gmd:protocol>
              <gmd:name xmlns:gco="http://www.isotc211.org/2005/gco" gco:nilReason="missing" xsi:type="gmd:PT_FreeText_PropertyType">
                <gco:CharacterString>type</gco:CharacterString>
                <gmd:PT_FreeText>
                  <gmd:textGroup>
                    <gmd:LocalisedCharacterString locale="#EN">type</gmd:LocalisedCharacterString>
                  </gmd:textGroup>
                </gmd:PT_FreeText>
              </gmd:name>
              <gmd:description xmlns:gco="http://www.isotc211.org/2005/gco" gco:nilReason="missing" xsi:type="gmd:PT_FreeText_PropertyType">
                <gco:CharacterString>station type</gco:CharacterString>
                <gmd:PT_FreeText>
                  <gmd:textGroup>
                    <gmd:LocalisedCharacterString locale="#EN">station type</gmd:LocalisedCharacterString>
                  </gmd:textGroup>
                  <gmd:textGroup>
                    <gmd:LocalisedCharacterString locale="#NL">stationstype</gmd:LocalisedCharacterString>
                  </gmd:textGroup>
                </gmd:PT_FreeText>
              </gmd:description>
            </gmd:CI_OnlineResource>
          </gmd:onLine>
          <gmd:onLine>
            <gmd:CI_OnlineResource>
              <gmd:linkage>
                <gmd:URL>http://geoservices.knmi.nl/cgi-bin/inspireviewservice.cgi?DATASET=urn:xkdc:ds:nl.knmi::waarneemstations/2/&amp;service=wms&amp;</gmd:URL>
              </gmd:linkage>
              <gmd:protocol>
                <gco:CharacterString xmlns:gco="http://www.isotc211.org/2005/gco">OGC:WMS</gco:CharacterString>
              </gmd:protocol>
              <gmd:name xmlns:gco="http://www.isotc211.org/2005/gco" gco:nilReason="missing" xsi:type="gmd:PT_FreeText_PropertyType">
                <gco:CharacterString>WMO</gco:CharacterString>
                <gmd:PT_FreeText>
                  <gmd:textGroup>
                    <gmd:LocalisedCharacterString locale="#EN">WMO</gmd:LocalisedCharacterString>
                  </gmd:textGroup>
                </gmd:PT_FreeText>
              </gmd:name>
              <gmd:description xmlns:gco="http://www.isotc211.org/2005/gco" gco:nilReason="missing" xsi:type="gmd:PT_FreeText_PropertyType">
                <gco:CharacterString>WMO number</gco:CharacterString>
                <gmd:PT_FreeText>
                  <gmd:textGroup>
                    <gmd:LocalisedCharacterString locale="#EN">WMO number</gmd:LocalisedCharacterString>
                  </gmd:textGroup>
                  <gmd:textGroup>
                    <gmd:LocalisedCharacterString locale="#NL">WMO nummer</gmd:LocalisedCharacterString>
                  </gmd:textGroup>
                </gmd:PT_FreeText>
              </gmd:description>
            </gmd:CI_OnlineResource>
          </gmd:onLine>
          <gmd:onLine>
            <gmd:CI_OnlineResource>
              <gmd:linkage>
                <gmd:URL>http://geoservices.knmi.nl/cgi-bin/inspireviewservice.cgi?DATASET=urn:xkdc:ds:nl.knmi::waarneemstations/2/&amp;service=wms&amp;</gmd:URL>
              </gmd:linkage>
              <gmd:protocol>
                <gco:CharacterString xmlns:gco="http://www.isotc211.org/2005/gco">OGC:WMS</gco:CharacterString>
              </gmd:protocol>
              <gmd:name xmlns:gco="http://www.isotc211.org/2005/gco" gco:nilReason="missing" xsi:type="gmd:PT_FreeText_PropertyType">
                <gco:CharacterString>obs_temp</gco:CharacterString>
                <gmd:PT_FreeText>
                  <gmd:textGroup>
                    <gmd:LocalisedCharacterString locale="#EN">obs_temp</gmd:LocalisedCharacterString>
                  </gmd:textGroup>
                </gmd:PT_FreeText>
              </gmd:name>
              <gmd:description xmlns:gco="http://www.isotc211.org/2005/gco" gco:nilReason="missing" xsi:type="gmd:PT_FreeText_PropertyType">
                <gco:CharacterString>temperature observation</gco:CharacterString>
                <gmd:PT_FreeText>
                  <gmd:textGroup>
                    <gmd:LocalisedCharacterString locale="#EN">temperature observation</gmd:LocalisedCharacterString>
                  </gmd:textGroup>
                  <gmd:textGroup>
                    <gmd:LocalisedCharacterString locale="#NL">temperatuur observatie</gmd:LocalisedCharacterString>
                  </gmd:textGroup>
                </gmd:PT_FreeText>
              </gmd:description>
            </gmd:CI_OnlineResource>
          </gmd:onLine>
          <gmd:onLine>
            <gmd:CI_OnlineResource>
              <gmd:linkage>
                <gmd:URL>http://geoservices.knmi.nl/cgi-bin/inspireviewservice.cgi?DATASET=urn:xkdc:ds:nl.knmi::waarneemstations/2/&amp;service=wms&amp;</gmd:URL>
              </gmd:linkage>
              <gmd:protocol>
                <gco:CharacterString xmlns:gco="http://www.isotc211.org/2005/gco">OGC:WMS</gco:CharacterString>
              </gmd:protocol>
              <gmd:name xmlns:gco="http://www.isotc211.org/2005/gco" gco:nilReason="missing" xsi:type="gmd:PT_FreeText_PropertyType">
                <gco:CharacterString>obs_wind</gco:CharacterString>
                <gmd:PT_FreeText>
                  <gmd:textGroup>
                    <gmd:LocalisedCharacterString locale="#EN">obs_wind</gmd:LocalisedCharacterString>
                  </gmd:textGroup>
                </gmd:PT_FreeText>
              </gmd:name>
              <gmd:description xmlns:gco="http://www.isotc211.org/2005/gco" gco:nilReason="missing" xsi:type="gmd:PT_FreeText_PropertyType">
                <gco:CharacterString>wind observation</gco:CharacterString>
                <gmd:PT_FreeText>
                  <gmd:textGroup>
                    <gmd:LocalisedCharacterString locale="#EN">wind observation</gmd:LocalisedCharacterString>
                  </gmd:textGroup>
                  <gmd:textGroup>
                    <gmd:LocalisedCharacterString locale="#NL">wind observatie</gmd:LocalisedCharacterString>
                  </gmd:textGroup>
                </gmd:PT_FreeText>
              </gmd:description>
            </gmd:CI_OnlineResource>
          </gmd:onLine>
          <gmd:onLine>
            <gmd:CI_OnlineResource>
              <gmd:linkage>
                <gmd:URL>http://geoservices.knmi.nl/cgi-bin/inspireviewservice.cgi?DATASET=urn:xkdc:ds:nl.knmi::waarneemstations/2/&amp;service=wms&amp;</gmd:URL>
              </gmd:linkage>
              <gmd:protocol>
                <gco:CharacterString xmlns:gco="http://www.isotc211.org/2005/gco">OGC:WMS</gco:CharacterString>
              </gmd:protocol>
              <gmd:name xmlns:gco="http://www.isotc211.org/2005/gco" gco:nilReason="missing" xsi:type="gmd:PT_FreeText_PropertyType">
                <gco:CharacterString>obs_hum</gco:CharacterString>
                <gmd:PT_FreeText>
                  <gmd:textGroup>
                    <gmd:LocalisedCharacterString locale="#EN">obs_hum</gmd:LocalisedCharacterString>
                  </gmd:textGroup>
                </gmd:PT_FreeText>
              </gmd:name>
              <gmd:description xmlns:gco="http://www.isotc211.org/2005/gco" gco:nilReason="missing" xsi:type="gmd:PT_FreeText_PropertyType">
                <gco:CharacterString>humidity observation</gco:CharacterString>
                <gmd:PT_FreeText>
                  <gmd:textGroup>
                    <gmd:LocalisedCharacterString locale="#EN">humidity observation</gmd:LocalisedCharacterString>
                  </gmd:textGroup>
                  <gmd:textGroup>
                    <gmd:LocalisedCharacterString locale="#NL">luchtvochtigheid observatie</gmd:LocalisedCharacterString>
                  </gmd:textGroup>
                </gmd:PT_FreeText>
              </gmd:description>
            </gmd:CI_OnlineResource>
          </gmd:onLine>
          <gmd:onLine>
            <gmd:CI_OnlineResource>
              <gmd:linkage>
                <gmd:URL>http://geoservices.knmi.nl/cgi-bin/inspireviewservice.cgi?DATASET=urn:xkdc:ds:nl.knmi::waarneemstations/2/&amp;service=wms&amp;</gmd:URL>
              </gmd:linkage>
              <gmd:protocol>
                <gco:CharacterString xmlns:gco="http://www.isotc211.org/2005/gco">OGC:WMS</gco:CharacterString>
              </gmd:protocol>
              <gmd:name xmlns:gco="http://www.isotc211.org/2005/gco" gco:nilReason="missing" xsi:type="gmd:PT_FreeText_PropertyType">
                <gco:CharacterString>obs_pres</gco:CharacterString>
                <gmd:PT_FreeText>
                  <gmd:textGroup>
                    <gmd:LocalisedCharacterString locale="#EN">obs_pres</gmd:LocalisedCharacterString>
                  </gmd:textGroup>
                </gmd:PT_FreeText>
              </gmd:name>
              <gmd:description xmlns:gco="http://www.isotc211.org/2005/gco" gco:nilReason="missing" xsi:type="gmd:PT_FreeText_PropertyType">
                <gco:CharacterString>air pressure observation</gco:CharacterString>
                <gmd:PT_FreeText>
                  <gmd:textGroup>
                    <gmd:LocalisedCharacterString locale="#EN">air pressure observation</gmd:LocalisedCharacterString>
                  </gmd:textGroup>
                  <gmd:textGroup>
                    <gmd:LocalisedCharacterString locale="#NL">luchtdruk observatie</gmd:LocalisedCharacterString>
                  </gmd:textGroup>
                </gmd:PT_FreeText>
              </gmd:description>
            </gmd:CI_OnlineResource>
          </gmd:onLine>
          <gmd:onLine>
            <gmd:CI_OnlineResource>
              <gmd:linkage>
                <gmd:URL>http://geoservices.knmi.nl/cgi-bin/inspireviewservice.cgi?DATASET=urn:xkdc:ds:nl.knmi::waarneemstations/2/&amp;service=wms&amp;</gmd:URL>
              </gmd:linkage>
              <gmd:protocol>
                <gco:CharacterString xmlns:gco="http://www.isotc211.org/2005/gco">OGC:WMS</gco:CharacterString>
              </gmd:protocol>
              <gmd:name xmlns:gco="http://www.isotc211.org/2005/gco" gco:nilReason="missing" xsi:type="gmd:PT_FreeText_PropertyType">
                <gco:CharacterString>obs_vis</gco:CharacterString>
                <gmd:PT_FreeText>
                  <gmd:textGroup>
                    <gmd:LocalisedCharacterString locale="#EN">obs_vis</gmd:LocalisedCharacterString>
                  </gmd:textGroup>
                </gmd:PT_FreeText>
              </gmd:name>
              <gmd:description xmlns:gco="http://www.isotc211.org/2005/gco" gco:nilReason="missing" xsi:type="gmd:PT_FreeText_PropertyType">
                <gco:CharacterString>visibility observation</gco:CharacterString>
                <gmd:PT_FreeText>
                  <gmd:textGroup>
                    <gmd:LocalisedCharacterString locale="#EN">visibility observation</gmd:LocalisedCharacterString>
                  </gmd:textGroup>
                  <gmd:textGroup>
                    <gmd:LocalisedCharacterString locale="#NL">zicht observatie</gmd:LocalisedCharacterString>
                  </gmd:textGroup>
                </gmd:PT_FreeText>
              </gmd:description>
            </gmd:CI_OnlineResource>
          </gmd:onLine>
          <gmd:onLine>
            <gmd:CI_OnlineResource>
              <gmd:linkage>
                <gmd:URL>http://geoservices.knmi.nl/cgi-bin/inspireviewservice.cgi?DATASET=urn:xkdc:ds:nl.knmi::waarneemstations/2/&amp;service=wms&amp;</gmd:URL>
              </gmd:linkage>
              <gmd:protocol>
                <gco:CharacterString xmlns:gco="http://www.isotc211.org/2005/gco">OGC:WMS</gco:CharacterString>
              </gmd:protocol>
              <gmd:name xmlns:gco="http://www.isotc211.org/2005/gco" gco:nilReason="missing" xsi:type="gmd:PT_FreeText_PropertyType">
                <gco:CharacterString>obs_rad</gco:CharacterString>
                <gmd:PT_FreeText>
                  <gmd:textGroup>
                    <gmd:LocalisedCharacterString locale="#EN">obs_rad</gmd:LocalisedCharacterString>
                  </gmd:textGroup>
                </gmd:PT_FreeText>
              </gmd:name>
              <gmd:description xmlns:gco="http://www.isotc211.org/2005/gco" gco:nilReason="missing" xsi:type="gmd:PT_FreeText_PropertyType">
                <gco:CharacterString>radiation observation</gco:CharacterString>
                <gmd:PT_FreeText>
                  <gmd:textGroup>
                    <gmd:LocalisedCharacterString locale="#EN">radiation observation</gmd:LocalisedCharacterString>
                  </gmd:textGroup>
                  <gmd:textGroup>
                    <gmd:LocalisedCharacterString locale="#NL">straling observatie</gmd:LocalisedCharacterString>
                  </gmd:textGroup>
                </gmd:PT_FreeText>
              </gmd:description>
            </gmd:CI_OnlineResource>
          </gmd:onLine>
          <gmd:onLine>
            <gmd:CI_OnlineResource>
              <gmd:linkage>
                <gmd:URL>http://geoservices.knmi.nl/cgi-bin/inspireviewservice.cgi?DATASET=urn:xkdc:ds:nl.knmi::waarneemstations/2/&amp;service=wms&amp;</gmd:URL>
              </gmd:linkage>
              <gmd:protocol>
                <gco:CharacterString xmlns:gco="http://www.isotc211.org/2005/gco">OGC:WMS</gco:CharacterString>
              </gmd:protocol>
              <gmd:name xmlns:gco="http://www.isotc211.org/2005/gco" gco:nilReason="missing" xsi:type="gmd:PT_FreeText_PropertyType">
                <gco:CharacterString>obs_prec</gco:CharacterString>
                <gmd:PT_FreeText>
                  <gmd:textGroup>
                    <gmd:LocalisedCharacterString locale="#EN">obs_prec</gmd:LocalisedCharacterString>
                  </gmd:textGroup>
                </gmd:PT_FreeText>
              </gmd:name>
              <gmd:description xmlns:gco="http://www.isotc211.org/2005/gco" gco:nilReason="missing" xsi:type="gmd:PT_FreeText_PropertyType">
                <gco:CharacterString>precipitation observation</gco:CharacterString>
                <gmd:PT_FreeText>
                  <gmd:textGroup>
                    <gmd:LocalisedCharacterString locale="#EN">precipitation observation</gmd:LocalisedCharacterString>
                  </gmd:textGroup>
                  <gmd:textGroup>
                    <gmd:LocalisedCharacterString locale="#NL">neerslag observatie</gmd:LocalisedCharacterString>
                  </gmd:textGroup>
                </gmd:PT_FreeText>
              </gmd:description>
            </gmd:CI_OnlineResource>
          </gmd:onLine>
          <gmd:onLine>
            <gmd:CI_OnlineResource>
              <gmd:linkage>
                <gmd:URL>http://geoservices.knmi.nl/cgi-bin/inspireviewservice.cgi?DATASET=urn:xkdc:ds:nl.knmi::waarneemstations/2/&amp;service=wms&amp;</gmd:URL>
              </gmd:linkage>
              <gmd:protocol>
                <gco:CharacterString xmlns:gco="http://www.isotc211.org/2005/gco">OGC:WMS</gco:CharacterString>
              </gmd:protocol>
              <gmd:name xmlns:gco="http://www.isotc211.org/2005/gco" gco:nilReason="missing" xsi:type="gmd:PT_FreeText_PropertyType">
                <gco:CharacterString>obs_cloud</gco:CharacterString>
                <gmd:PT_FreeText>
                  <gmd:textGroup>
                    <gmd:LocalisedCharacterString locale="#EN">obs_cloud</gmd:LocalisedCharacterString>
                  </gmd:textGroup>
                </gmd:PT_FreeText>
              </gmd:name>
              <gmd:description xmlns:gco="http://www.isotc211.org/2005/gco" gco:nilReason="missing" xsi:type="gmd:PT_FreeText_PropertyType">
                <gco:CharacterString>cloudiness observation</gco:CharacterString>
                <gmd:PT_FreeText>
                  <gmd:textGroup>
                    <gmd:LocalisedCharacterString locale="#EN">cloudiness observation</gmd:LocalisedCharacterString>
                  </gmd:textGroup>
                  <gmd:textGroup>
                    <gmd:LocalisedCharacterString locale="#NL">bewolking observatie</gmd:LocalisedCharacterString>
                  </gmd:textGroup>
                </gmd:PT_FreeText>
              </gmd:description>
            </gmd:CI_OnlineResource>
          </gmd:onLine>
          <gmd:onLine>
            <gmd:CI_OnlineResource>
              <gmd:linkage>
                <gmd:URL>http://geoservices.knmi.nl/cgi-bin/inspireviewservice.cgi?DATASET=urn:xkdc:ds:nl.knmi::waarneemstations/2/&amp;service=wms&amp;</gmd:URL>
              </gmd:linkage>
              <gmd:protocol>
                <gco:CharacterString xmlns:gco="http://www.isotc211.org/2005/gco">OGC:WMS</gco:CharacterString>
              </gmd:protocol>
              <gmd:name xmlns:gco="http://www.isotc211.org/2005/gco" gco:nilReason="missing" xsi:type="gmd:PT_FreeText_PropertyType">
                <gco:CharacterString>obs_snowdepth</gco:CharacterString>
                <gmd:PT_FreeText>
                  <gmd:textGroup>
                    <gmd:LocalisedCharacterString locale="#EN">obs_snowdepth</gmd:LocalisedCharacterString>
                  </gmd:textGroup>
                </gmd:PT_FreeText>
              </gmd:name>
              <gmd:description xmlns:gco="http://www.isotc211.org/2005/gco" gco:nilReason="missing" xsi:type="gmd:PT_FreeText_PropertyType">
                <gco:CharacterString>snow depth observation</gco:CharacterString>
                <gmd:PT_FreeText>
                  <gmd:textGroup>
                    <gmd:LocalisedCharacterString locale="#EN">snow depth observation</gmd:LocalisedCharacterString>
                  </gmd:textGroup>
                  <gmd:textGroup>
                    <gmd:LocalisedCharacterString locale="#NL">sneeuwhoogte observatie</gmd:LocalisedCharacterString>
                  </gmd:textGroup>
                </gmd:PT_FreeText>
              </gmd:description>
            </gmd:CI_OnlineResource>
          </gmd:onLine>
          <gmd:onLine>
            <gmd:CI_OnlineResource>
              <gmd:linkage>
                <gmd:URL>http://geoservices.knmi.nl/cgi-bin/inspireviewservice.cgi?DATASET=urn:xkdc:ds:nl.knmi::waarneemstations/2/&amp;service=wms&amp;</gmd:URL>
              </gmd:linkage>
              <gmd:protocol>
                <gco:CharacterString xmlns:gco="http://www.isotc211.org/2005/gco">OGC:WMS</gco:CharacterString>
              </gmd:protocol>
              <gmd:name xmlns:gco="http://www.isotc211.org/2005/gco" gco:nilReason="missing" xsi:type="gmd:PT_FreeText_PropertyType">
                <gco:CharacterString>obs_soiltemp</gco:CharacterString>
                <gmd:PT_FreeText>
                  <gmd:textGroup>
                    <gmd:LocalisedCharacterString locale="#EN">obs_soiltemp</gmd:LocalisedCharacterString>
                  </gmd:textGroup>
                </gmd:PT_FreeText>
              </gmd:name>
              <gmd:description xmlns:gco="http://www.isotc211.org/2005/gco" gco:nilReason="missing" xsi:type="gmd:PT_FreeText_PropertyType">
                <gco:CharacterString>soil temperature observation</gco:CharacterString>
                <gmd:PT_FreeText>
                  <gmd:textGroup>
                    <gmd:LocalisedCharacterString locale="#EN">soil temperature observation</gmd:LocalisedCharacterString>
                  </gmd:textGroup>
                  <gmd:textGroup>
                    <gmd:LocalisedCharacterString locale="#NL">bodemtemperatuur observatie</gmd:LocalisedCharacterString>
                  </gmd:textGroup>
                </gmd:PT_FreeText>
              </gmd:description>
            </gmd:CI_OnlineResource>
          </gmd:onLine>
          <gmd:onLine>
            <gmd:CI_OnlineResource>
              <gmd:linkage>
                <gmd:URL>http://geoservices.knmi.nl/cgi-bin/inspireviewservice.cgi?DATASET=urn:xkdc:ds:nl.knmi::waarneemstations/2/&amp;service=wms&amp;</gmd:URL>
              </gmd:linkage>
              <gmd:protocol>
                <gco:CharacterString xmlns:gco="http://www.isotc211.org/2005/gco">OGC:WMS</gco:CharacterString>
              </gmd:protocol>
              <gmd:name xmlns:gco="http://www.isotc211.org/2005/gco" gco:nilReason="missing" xsi:type="gmd:PT_FreeText_PropertyType">
                <gco:CharacterString>obs_presweather</gco:CharacterString>
                <gmd:PT_FreeText>
                  <gmd:textGroup>
                    <gmd:LocalisedCharacterString locale="#EN">obs_presweather</gmd:LocalisedCharacterString>
                  </gmd:textGroup>
                </gmd:PT_FreeText>
              </gmd:name>
              <gmd:description xmlns:gco="http://www.isotc211.org/2005/gco" gco:nilReason="missing" xsi:type="gmd:PT_FreeText_PropertyType">
                <gco:CharacterString>present weather observation</gco:CharacterString>
                <gmd:PT_FreeText>
                  <gmd:textGroup>
                    <gmd:LocalisedCharacterString locale="#EN">present weather observation</gmd:LocalisedCharacterString>
                  </gmd:textGroup>
                  <gmd:textGroup>
                    <gmd:LocalisedCharacterString locale="#NL">actueel weer observatie</gmd:LocalisedCharacterString>
                  </gmd:textGroup>
                </gmd:PT_FreeText>
              </gmd:description>
            </gmd:CI_OnlineResource>
          </gmd:onLine>
        </gmd:MD_DigitalTransferOptions>
      </gmd:transferOptions>
    </gmd:MD_Distribution>
  </gmd:distributionInfo>
  <gmd:dataQualityInfo>
    <gmd:DQ_DataQuality>
      <gmd:scope>
        <gmd:DQ_Scope>
          <gmd:level>
            <gmd:MD_ScopeCode codeListValue="dataset" codeList="http://standards.iso.org/ittf/PubliclyAvailableStandards/ISO_19139_Schemas/resources/codelist/ML_gmxCodelists.xml#MD_ScopeCode" />
          </gmd:level>
        </gmd:DQ_Scope>
      </gmd:scope>
      <gmd:report>
        <gmd:DQ_DomainConsistency>
          <gmd:result>
            <gmd:DQ_ConformanceResult>
              <gmd:specification>
                <gmd:CI_Citation>
                  <gmd:title xmlns:gco="http://www.isotc211.org/2005/gco" gco:nilReason="missing" xsi:type="gmd:PT_FreeText_PropertyType">
                    <gco:CharacterString>COMMISSION REGULATION (EU) No 1089/2010 of 23 November 2010 implementing Directive 2007/2/EC of the European Parliament and of the Council as regards interoperability of spatial data sets and services</gco:CharacterString>
                    <gmd:PT_FreeText>
                      <gmd:textGroup>
                        <gmd:LocalisedCharacterString locale="#EN">COMMISSION REGULATION (EU) No 1089/2010 of 23 November 2010 implementing Directive 2007/2/EC of the European Parliament and of the Council as regards interoperability of spatial data sets and services</gmd:LocalisedCharacterString>
                      </gmd:textGroup>
                      <gmd:textGroup>
                        <gmd:LocalisedCharacterString locale="#NL">VERORDENING (EU) Nr. 1089/2010 VAN DE COMMISSIE van 23 november 2010 ter uitvoering van Richtlijn 2007/2/EG van het Europees Parlement en de Raad betreffende de interoperabiliteit van verzamelingen ruimtelijke gegevens en van diensten met betrekking tot ruimtelijke gegevens</gmd:LocalisedCharacterString>
                      </gmd:textGroup>
                    </gmd:PT_FreeText>
                  </gmd:title>
                  <gmd:date>
                    <gmd:CI_Date>
                      <gmd:date>
                        <gco:Date xmlns:gco="http://www.isotc211.org/2005/gco">2010-12-08</gco:Date>
                      </gmd:date>
                      <gmd:dateType>
                        <gmd:CI_DateTypeCode codeList="http://standards.iso.org/ittf/PubliclyAvailableStandards/ISO_19139_Schemas/resources/codelist/ML_gmxCodelists.xml#CI_DateTypeCode" codeListValue="publication" />
                      </gmd:dateType>
                    </gmd:CI_Date>
                  </gmd:date>
                </gmd:CI_Citation>
              </gmd:specification>
              <gmd:explanation xmlns:gco="http://www.isotc211.org/2005/gco" gco:nilReason="missing" xsi:type="gmd:PT_FreeText_PropertyType">
                <gco:CharacterString>Dataset is not yet harmonized with INSPIRE data specifications</gco:CharacterString>
                <gmd:PT_FreeText>
                  <gmd:textGroup>
                    <gmd:LocalisedCharacterString locale="#EN">Dataset is not yet harmonized with INSPIRE data specifications</gmd:LocalisedCharacterString>
                  </gmd:textGroup>
                  <gmd:textGroup>
                    <gmd:LocalisedCharacterString locale="#NL">Dataset is nog niet geharmoniseerd met INSPIRE data specificaties.</gmd:LocalisedCharacterString>
                  </gmd:textGroup>
                </gmd:PT_FreeText>
              </gmd:explanation>
              <gmd:pass>
                <gco:Boolean xmlns:gco="http://www.isotc211.org/2005/gco">false</gco:Boolean>
              </gmd:pass>
            </gmd:DQ_ConformanceResult>
          </gmd:result>
        </gmd:DQ_DomainConsistency>
      </gmd:report>
      <gmd:lineage>
        <gmd:LI_Lineage>
          <gmd:statement xmlns:gco="http://www.isotc211.org/2005/gco" gco:nilReason="missing" xsi:type="gmd:PT_FreeText_PropertyType">
            <gco:CharacterString>Station archive KNMI</gco:CharacterString>
            <gmd:PT_FreeText>
              <gmd:textGroup>
                <gmd:LocalisedCharacterString locale="#EN">Station archive KNMI</gmd:LocalisedCharacterString>
              </gmd:textGroup>
              <gmd:textGroup>
                <gmd:LocalisedCharacterString locale="#NL">Stationsarchief KNMI</gmd:LocalisedCharacterString>
              </gmd:textGroup>
            </gmd:PT_FreeText>
          </gmd:statement>
        </gmd:LI_Lineage>
      </gmd:lineage>
    </gmd:DQ_DataQuality>
  </gmd:dataQualityInfo>
</gmd:MD_Metadata>