<?xml version="1.0" encoding="UTF-8"?>
<info version="1.1">
  <general>
    <createDate>2017-03-22</createDate>
    <changeDate>2017-03-22</changeDate>
    <schema>iso19139</schema>
    <isTemplate>n</isTemplate>
    <localId>18196</localId>
    <format>full</format>
    <rating>0</rating>
    <popularity>1</popularity>
    <uuid>90ac3d85-8078-4405-879d-e17d298fb1bc</uuid>
    <siteId>f94ab60d-7cfb-416e-9e9f-678df2e9d820</siteId>
    <siteName>Demo GeoNetwork server changed 2</siteName>
  </general>
  <categories />
  <privileges>
    <group name="all">
      <operation name="view" />
      <operation name="dynamic" />
      <operation name="download" />
    </group>
  </privileges>
  <public />
  <private />
</info>

