<?xml version="1.0" encoding="UTF-8"?>
<info version="1.1">
  <general>
    <createDate>2017-03-01T11:02:11</createDate>
    <changeDate>2017-03-01T11:02:11</changeDate>
    <schema>iso19139</schema>
    <isTemplate>n</isTemplate>
    <localId>26252</localId>
    <format>full</format>
    <rating>0</rating>
    <popularity>6</popularity>
    <uuid>380aa01e-dce7-11e3-9f07-901b0e19e163</uuid>
    <siteId>d1f3bf18-4870-4a7c-8a2e-24bad910c7dd</siteId>
    <siteName>Demo GeoNetwork server changed 2</siteName>
  </general>
  <categories />
  <privileges>
    <group name="all">
      <operation name="view" />
      <operation name="dynamic" />
      <operation name="download" />
    </group>
  </privileges>
  <public />
  <private />
</info>

