<?xml version="1.0" encoding="UTF-8"?>
<info version="1.1">
  <general>
    <createDate>2017-04-28</createDate>
    <changeDate>2017-04-28</changeDate>
    <schema>iso19139</schema>
    <isTemplate>n</isTemplate>
    <localId>17872</localId>
    <format>full</format>
    <rating>0</rating>
    <popularity>0</popularity>
    <uuid>f9097f6c-9548-4a40-a6e9-8972e3ac6140</uuid>
    <siteId>f94ab60d-7cfb-416e-9e9f-678df2e9d820</siteId>
    <siteName>Demo GeoNetwork server changed 2</siteName>
  </general>
  <categories />
  <privileges>
    <group name="all">
      <operation name="view" />
      <operation name="dynamic" />
      <operation name="download" />
    </group>
  </privileges>
  <public />
  <private />
</info>

